дата,всего,infection rate,IR7,ОРВИ,пневмония,без симптомов,кол-во тестов,>пенсионеры,>мед.работники,>пром.предприятия,>образов.учреждения,>транс.предприятия,>торговля и питание,>пищ.промышленность,>ЖКХ,>банки/юристы/недвижимость,>правоохранит.,>быт.услуги и досуг,>санатории,>гостиницы,>учреж.культуры,>телеком,>сел.хоз.,>охрана,>вахтовики,>ИП и иные работающие,>интернаты/диспансеры,>дошкольники,>школьники,>студенты,>не работают/самозанятые,выписали,умерли от ковид,умерли в палатах для ковид/пневмония с 1 апреля,доступно под ковид,занято под ковид,доступно ИВЛ,занято ИВЛ,доступно под ковид и пневмонию,занято под ковид и пневмонию,до года,от 01 до 07,от 07 до 14,от 15 до 17,от 18 до 29,от 30 до 49,от 50 до 64,от 65,мужчины,женщины,воспитанники/учащиеся,работающие,служащие,неработающие и самозанятые,пенсионеры,завозные,контактные,не установлены,поступило доз вакцин,компонент 1,компонент 2,Калининград,Гурьевский городской округ,Багратионовский городской округ,Правдинский городской округ,Гусевский городской округ,Балтийский городской округ,Черняховский городской округ,Зеленоградский городской округ,Светловский городской округ,Гвардейский городской округ,Славский городской округ,Ладушкинский городской округ,Нестеровский городской округ,Светлогорский городской округ,Пионерский городской округ,Неманский городской округ,Полесский городской округ,Краснознаменский городской округ,Озёрский городской округ,Янтарный городской округ,Мамоновский городской округ,Советский городской округ,другие регионы,кумул. случаи,кумул.умерли,кумул.выписаны,кумул.активные,кол-во тестов / 10,все кроме Калининграда,отношение
2020-03-08,1,0.0,0.0,0,0,0,0,0,0,0,0,0,0,0,0,0,0,0,0,0,0,0,0,0,0,0,0,0,0,0,0,0,0,0,0,0,0,0,0,0,0,0,0,0,0,0,0,0,0,0,0,0,0,0,0,0,0,0,0,0,0,0,0,0,0,0,0,0,0,0,0,0,0,0,0,0,0,0,0,0,0,0,0,0,1,0,0,1,0.0,0,
2020-03-09,0,0.0,0.0,0,0,0,0,0,0,0,0,0,0,0,0,0,0,0,0,0,0,0,0,0,0,0,0,0,0,0,0,0,0,0,0,0,0,0,0,0,0,0,0,0,0,0,0,0,0,0,0,0,0,0,0,0,0,0,0,0,0,0,0,0,0,0,0,0,0,0,0,0,0,0,0,0,0,0,0,0,0,0,0,0,1,0,0,1,0.0,0,
2020-03-10,0,0.0,0.0,0,0,0,0,0,0,0,0,0,0,0,0,0,0,0,0,0,0,0,0,0,0,0,0,0,0,0,0,0,0,0,0,0,0,0,0,0,0,0,0,0,0,0,0,0,0,0,0,0,0,0,0,0,0,0,0,0,0,0,0,0,0,0,0,0,0,0,0,0,0,0,0,0,0,0,0,0,0,0,0,0,1,0,0,1,0.0,0,
2020-03-11,0,0.0,0.0,0,0,0,0,0,0,0,0,0,0,0,0,0,0,0,0,0,0,0,0,0,0,0,0,0,0,0,0,0,0,0,0,0,0,0,0,0,0,0,0,0,0,0,0,0,0,0,0,0,0,0,0,0,0,0,0,0,0,0,0,0,0,0,0,0,0,0,0,0,0,0,0,0,0,0,0,0,0,0,0,0,1,0,0,1,0.0,0,
2020-03-12,1,0.0,0.0,0,0,0,0,0,0,0,0,0,0,0,0,0,0,0,0,0,0,0,0,0,0,0,0,0,0,0,0,0,0,0,0,0,0,0,0,0,0,0,0,0,0,0,0,0,0,0,0,0,0,0,0,0,0,0,0,0,0,0,0,0,0,0,0,0,0,0,0,0,0,0,0,0,0,0,0,0,0,0,0,0,2,0,0,2,0.0,0,
2020-03-13,0,0.0,0.0,0,0,0,0,0,0,0,0,0,0,0,0,0,0,0,0,0,0,0,0,0,0,0,0,0,0,0,0,0,0,0,0,0,0,0,0,0,0,0,0,0,0,0,0,0,0,0,0,0,0,0,0,0,0,0,0,0,0,0,0,0,0,0,0,0,0,0,0,0,0,0,0,0,0,0,0,0,0,0,0,0,2,0,0,2,0.0,0,
2020-03-14,1,2.0,0.0,0,0,0,0,0,0,0,0,0,0,0,0,0,0,0,0,0,0,0,0,0,0,0,0,0,0,0,0,0,0,0,0,0,0,0,0,0,0,0,0,0,0,0,0,0,0,0,0,0,0,0,0,0,0,0,0,0,0,0,0,0,0,0,0,0,0,0,0,0,0,0,0,0,0,0,0,0,0,0,0,0,3,0,0,3,0.0,0,0.17
2020-03-15,0,2.0,0.0,0,0,0,0,0,0,0,0,0,0,0,0,0,0,0,0,0,0,0,0,0,0,0,0,0,0,0,0,0,0,0,0,0,0,0,0,0,0,0,0,0,0,0,0,0,0,0,0,0,0,0,0,0,0,0,0,0,0,0,0,0,0,0,0,0,0,0,0,0,0,0,0,0,0,0,0,0,0,0,0,0,3,0,0,3,0.0,0,0.33
2020-03-16,0,1.0,0.0,0,0,0,0,0,0,0,0,0,0,0,0,0,0,0,0,0,0,0,0,0,0,0,0,0,0,0,0,0,0,0,0,0,0,0,0,0,0,0,0,0,0,0,0,0,0,0,0,0,0,0,0,0,0,0,0,0,0,0,0,0,0,0,0,0,0,0,0,0,0,0,0,0,0,0,0,0,0,0,0,0,3,0,0,3,0.0,0,0.5
2020-03-17,2,3.0,0.0,0,0,0,850,0,0,0,0,0,0,0,0,0,0,0,0,0,0,0,0,0,0,0,0,0,0,0,0,0,0,0,0,0,0,0,0,0,0,0,0,0,0,0,0,0,0,0,0,0,0,0,0,0,0,0,0,0,0,0,0,0,0,0,0,0,0,0,0,0,0,0,0,0,0,0,0,0,0,0,0,0,5,0,0,5,85.0,0,0.67
2020-03-18,0,1.0,0.0,0,0,0,163,0,0,0,0,0,0,0,0,0,0,0,0,0,0,0,0,0,0,0,0,0,0,0,0,0,0,0,0,0,0,0,0,0,0,0,0,0,0,0,0,0,0,0,0,0,0,0,0,0,0,0,0,0,0,0,0,0,0,0,0,0,0,0,0,0,0,0,0,0,0,0,0,0,0,0,0,0,5,0,0,5,16.3,0,0.83
2020-03-19,0,1.0,0.0,0,0,0,230,0,0,0,0,0,0,0,0,0,0,0,0,0,0,0,0,0,0,0,0,0,0,0,0,0,0,0,0,0,0,0,0,0,0,0,0,0,0,0,0,0,0,0,0,0,0,0,0,0,0,0,0,0,0,0,0,0,0,0,0,0,0,0,0,0,0,0,0,0,0,0,0,0,0,0,0,0,5,0,0,5,23.0,0,1.0
2020-03-20,0,2.0,1.5,0,0,0,175,0,0,0,0,0,0,0,0,0,0,0,0,0,0,0,0,0,0,0,0,0,0,0,0,0,0,0,0,0,0,0,0,0,0,0,0,0,0,0,0,0,0,0,0,0,0,0,0,0,0,0,0,0,0,0,0,0,0,0,0,0,0,0,0,0,0,0,0,0,0,0,0,0,0,0,0,0,5,0,0,5,17.5,0,1.17
2020-03-21,2,0.67,1.33,0,0,0,267,0,0,0,0,0,0,0,0,0,0,0,0,0,0,0,0,0,0,0,0,0,0,0,0,0,0,0,0,0,0,0,0,0,0,0,0,0,0,0,0,0,0,0,0,0,0,0,0,0,0,0,0,0,0,0,0,0,0,0,0,0,0,0,0,0,0,0,0,0,0,0,0,0,0,0,0,0,7,0,0,7,26.7,0,1.0
2020-03-22,0,1.0,2.0,0,0,0,171,0,0,0,0,0,0,0,0,0,0,0,0,0,0,0,0,0,0,0,0,0,0,0,0,0,0,0,0,0,0,0,0,0,0,0,0,0,0,0,0,0,0,0,0,0,0,0,0,0,0,0,0,0,0,0,0,0,0,0,0,0,0,0,0,0,0,0,0,0,0,0,0,0,0,0,0,0,7,0,0,7,17.1,0,1.14
2020-03-23,0,1.0,2.0,0,0,0,132,0,0,0,0,0,0,0,0,0,0,0,0,0,0,0,0,0,0,0,0,0,0,0,0,0,0,0,0,0,0,0,0,0,0,0,0,0,0,0,0,0,0,0,0,0,0,0,0,0,0,0,0,0,0,0,0,0,0,0,0,0,0,0,0,0,0,0,0,0,0,0,0,0,0,0,0,0,7,0,0,7,13.2,0,1.29
2020-03-24,0,1.0,0.5,0,0,0,248,0,0,0,0,0,0,0,0,0,0,0,0,0,0,0,0,0,0,0,0,0,0,0,0,0,0,0,0,0,0,0,0,0,0,0,0,0,0,0,0,0,0,0,0,0,0,0,0,0,0,0,0,0,0,0,0,0,0,0,0,0,0,0,0,0,0,0,0,0,0,0,0,0,0,0,0,0,7,0,0,7,24.8,0,1.43
2020-03-25,1,0.5,0.75,0,0,0,260,0,0,0,0,0,0,0,0,0,0,0,0,0,0,0,0,0,0,0,0,0,0,0,0,0,0,0,0,0,0,0,0,0,0,0,0,0,0,0,0,0,0,0,0,0,0,0,0,0,0,0,0,0,0,0,0,0,0,0,0,0,0,0,0,0,0,0,0,0,0,0,0,0,0,0,0,0,8,0,0,8,26.0,0,1.25
2020-03-26,0,0.5,1.0,0,0,0,268,0,0,0,0,0,0,0,0,0,0,0,0,0,0,0,0,0,0,0,0,0,0,0,0,0,0,0,0,0,0,0,0,0,0,0,0,0,0,0,0,0,0,0,0,0,0,0,0,0,0,0,0,0,0,0,0,0,0,0,0,0,0,0,0,0,0,0,0,0,0,0,0,0,0,0,0,0,8,0,0,8,26.8,0,1.11
2020-03-27,0,0.5,1.0,0,0,0,287,0,0,0,0,0,0,0,0,0,0,0,0,0,0,0,0,0,0,0,0,0,0,0,0,0,0,0,0,0,0,0,0,0,0,0,0,0,0,0,0,0,0,0,0,0,0,0,0,0,0,0,0,0,0,0,0,0,0,0,0,0,0,0,0,0,0,0,0,0,0,0,0,0,0,0,0,0,8,0,0,8,28.7,0,1.0
2020-03-28,3,2.0,1.0,0,0,0,300,0,0,0,0,0,0,0,0,0,0,0,0,0,0,0,0,0,0,0,0,0,0,0,0,0,0,0,0,0,0,0,0,0,0,0,0,0,0,0,0,0,0,0,0,0,0,0,0,0,0,0,0,0,0,0,0,0,0,0,0,0,0,0,0,0,0,0,0,0,0,0,0,0,0,0,0,0,11,0,0,11,30.0,0,1.1
2020-03-29,0,3.0,1.0,0,0,0,160,0,0,0,0,0,0,0,0,0,0,0,0,0,0,0,0,0,0,0,0,0,0,0,0,0,0,0,0,0,0,0,0,0,0,0,0,0,0,0,0,0,0,0,0,0,0,0,0,0,0,0,0,0,0,0,0,0,0,0,0,0,0,0,0,0,0,0,0,0,0,0,0,0,0,0,0,0,11,0,0,11,16.0,0,1.2
2020-03-30,1,4.0,1.25,0,0,0,218,0,0,0,0,0,0,0,0,0,0,0,0,0,0,0,0,0,0,0,0,0,0,0,0,0,0,0,0,0,0,0,0,0,0,0,0,0,0,0,0,0,0,0,0,0,0,0,0,0,0,0,0,0,0,0,0,0,0,0,0,0,0,0,0,0,0,0,0,0,0,0,0,0,0,0,0,0,12,0,0,12,21.8,0,1.3
2020-03-31,0,4.0,2.5,0,0,0,302,0,0,0,0,0,0,0,0,0,0,0,0,0,0,0,0,0,0,0,0,0,0,0,0,0,0,0,0,0,0,0,0,0,0,0,0,0,0,0,0,0,0,0,0,0,0,0,0,0,0,0,0,0,0,0,0,0,0,0,0,0,0,0,0,0,0,0,0,0,0,0,0,0,0,0,0,0,12,0,0,12,30.2,0,1.4
2020-04-01,0,0.25,1.33,0,0,0,73,0,0,0,0,0,0,0,0,0,0,0,0,0,0,0,0,0,0,0,0,0,0,0,0,0,0,0,0,0,0,0,0,0,0,0,0,0,0,0,0,0,0,0,0,0,0,0,0,0,0,0,0,0,0,0,0,0,0,0,0,0,0,0,0,0,0,0,0,0,0,0,0,0,0,0,0,0,12,0,0,12,7.3,0,1.27
2020-04-02,7,2.67,3.67,0,0,0,280,0,0,0,0,0,0,0,0,0,0,0,0,0,0,0,0,0,0,0,0,0,0,0,0,0,0,0,0,0,0,0,0,0,0,0,0,0,0,0,0,0,0,0,0,0,0,0,0,0,0,0,0,0,0,0,0,0,0,0,0,0,0,0,0,0,0,0,0,0,0,0,0,0,0,0,0,0,19,0,0,19,28.0,0,1.36
2020-04-03,0,1.75,3.67,0,0,0,314,0,0,0,0,0,0,0,0,0,0,0,0,0,0,0,0,0,0,0,0,0,0,0,0,0,0,0,0,0,0,0,0,0,0,0,0,0,0,0,0,0,0,0,0,0,0,0,0,0,0,0,0,0,0,0,0,0,0,0,0,0,0,0,0,0,0,0,0,0,0,0,0,0,0,0,0,0,19,0,0,19,31.4,0,1.45
2020-04-04,0,1.75,2.0,0,0,0,340,0,0,0,0,0,0,0,0,0,0,0,0,0,0,0,0,0,0,0,0,0,0,0,0,0,0,0,0,0,0,0,0,0,0,0,0,0,0,0,0,0,0,0,0,0,0,0,0,0,0,0,0,0,0,0,0,0,0,0,0,0,0,0,0,0,0,0,0,0,0,0,0,0,0,0,0,0,19,0,0,19,34.0,0,1.55
2020-04-05,0,7.0,2.0,0,0,0,157,0,0,0,0,0,0,0,0,0,0,0,0,0,0,0,0,0,0,0,0,0,0,0,0,0,0,0,0,0,0,0,0,0,0,0,0,0,0,0,0,0,0,0,0,0,0,0,0,0,0,0,0,0,0,0,0,0,0,0,0,0,0,0,0,0,0,0,0,0,0,0,0,0,0,0,0,0,19,0,0,19,15.7,0,1.64
2020-04-06,0,0.0,1.4,0,0,0,179,0,0,0,0,0,0,0,0,0,0,0,0,0,0,0,0,0,0,0,0,0,0,0,0,0,0,0,0,0,0,0,0,0,0,0,0,0,0,0,0,0,0,0,0,0,0,0,0,0,0,0,0,0,0,0,0,0,0,0,0,0,0,0,0,0,0,0,0,0,0,0,0,0,0,0,0,0,19,0,0,19,17.9,0,1.5
2020-04-07,29,4.14,7.2,0,0,0,273,0,0,0,0,0,0,0,0,0,0,0,0,0,0,0,0,0,0,0,0,0,0,0,0,0,0,0,0,0,0,0,0,0,0,0,0,0,0,0,0,0,0,0,0,0,0,0,0,0,0,0,0,0,0,0,0,0,0,0,0,0,0,0,0,0,0,0,0,0,0,0,0,0,0,0,0,0,48,0,0,48,27.3,0,1.58
2020-04-08,1,4.29,9.25,0,0,0,344,0,0,0,0,0,0,0,0,0,0,0,0,0,0,0,0,0,0,0,0,0,0,0,0,0,0,0,0,0,0,0,0,0,0,0,0,0,0,0,0,0,0,0,0,0,0,0,0,0,0,0,0,0,0,0,0,0,0,0,0,0,0,0,0,0,0,0,0,0,0,0,0,0,0,0,0,0,49,0,0,49,34.4,0,1.67
2020-04-09,3,4.71,3.0,0,0,0,337,0,0,0,0,0,0,0,0,0,0,0,0,0,0,0,0,0,0,0,0,0,0,0,0,0,0,0,0,0,0,0,0,0,0,0,0,0,0,0,0,0,0,0,0,0,0,0,0,0,0,0,0,0,0,0,0,0,0,0,0,0,0,0,0,0,0,0,0,0,0,0,0,0,0,0,0,0,52,0,0,52,33.7,0,1.75
2020-04-10,10,0.0,3.91,0,0,0,294,0,0,0,0,0,0,0,0,0,0,0,0,0,0,0,0,0,0,0,0,0,0,0,0,0,0,0,0,0,0,0,0,0,0,0,0,0,0,0,0,0,0,0,0,0,0,0,0,0,0,0,0,0,0,0,0,0,0,0,0,0,0,0,0,0,0,0,0,0,0,0,0,0,0,0,0,0,62,0,0,62,29.4,0,1.62
2020-04-11,3,0.59,5.75,0,0,0,421,0,0,0,0,0,0,0,0,0,0,0,0,0,0,0,0,0,0,0,0,0,0,0,0,0,0,0,0,0,0,0,0,0,0,0,0,0,0,0,0,0,0,0,0,0,0,0,0,0,0,0,0,0,0,0,0,0,0,0,0,0,0,0,0,0,0,0,0,0,0,0,0,0,0,0,0,0,65,0,0,65,42.1,0,1.5
2020-04-12,5,0.7,6.38,0,0,0,415,0,0,0,0,0,0,0,0,0,0,0,0,0,0,0,0,0,0,0,0,0,0,0,0,16,1,0,0,0,0,0,0,0,0,0,0,0,0,0,0,0,0,0,0,0,0,0,0,0,0,0,0,0,0,0,0,0,0,0,0,0,0,0,0,0,0,0,0,0,0,0,0,0,0,0,0,0,70,1,16,53,41.5,0,1.4
2020-04-13,4,0.67,7.86,0,0,0,364,0,0,0,0,0,0,0,0,0,0,0,0,0,0,0,0,0,0,0,0,0,0,0,0,0,0,0,0,0,0,0,0,0,0,0,0,0,0,0,0,0,0,0,0,0,0,0,0,0,0,0,0,0,0,0,0,0,0,0,0,0,0,0,0,0,0,0,0,0,0,0,0,0,0,0,0,0,74,1,16,57,36.4,0,1.31
2020-04-14,5,0.4,0.86,0,0,0,388,0,0,0,0,0,0,0,0,0,0,0,0,0,0,0,0,0,0,0,0,0,0,0,0,0,0,0,0,0,0,0,0,0,0,0,0,0,0,0,0,0,0,0,0,0,0,0,0,0,0,0,0,0,0,0,0,0,0,0,0,0,0,0,0,0,0,0,0,0,0,0,0,0,0,0,0,0,79,1,16,62,38.8,0,1.24
2020-04-15,5,1.12,0.95,0,0,0,416,0,0,0,0,0,0,0,0,0,0,0,0,0,0,0,0,0,0,0,0,0,0,0,0,8,0,0,0,0,0,0,0,0,0,0,0,0,0,0,0,0,0,0,0,0,0,0,0,0,0,0,0,0,0,0,0,0,0,0,0,0,0,0,0,0,0,0,0,0,0,0,0,0,0,0,0,0,84,1,24,59,41.6,0,1.29
2020-04-16,8,1.05,1.21,0,0,0,545,0,0,0,0,0,0,0,0,0,0,0,0,0,0,0,0,0,0,0,0,0,0,0,0,2,0,0,0,0,0,0,0,0,0,0,0,0,0,0,0,0,0,0,0,0,0,0,0,0,0,0,0,0,0,0,0,0,0,0,0,0,0,0,0,0,0,0,0,0,0,0,0,0,0,0,0,0,92,1,26,65,54.5,0,1.35
2020-04-17,12,1.36,0.98,0,0,0,688,0,0,0,0,0,0,0,0,0,0,0,0,0,0,0,0,0,0,0,0,0,0,0,0,2,0,0,0,0,0,0,0,0,0,0,0,0,0,0,0,0,0,0,0,0,0,0,0,0,0,0,0,0,0,0,0,0,0,0,0,0,0,0,0,0,0,0,0,0,0,0,0,0,0,0,0,0,104,1,28,75,68.8,0,1.41
2020-04-18,11,2.12,1.09,0,0,0,1082,0,0,0,0,0,0,0,0,0,0,0,0,0,0,0,0,0,0,0,0,0,0,0,0,2,0,0,0,0,0,0,0,0,0,0,0,0,0,0,0,0,0,0,0,0,0,0,0,0,0,0,0,0,0,0,0,0,0,0,0,0,0,0,0,0,0,0,0,0,0,0,0,0,0,0,0,0,115,1,30,84,108.2,0,1.47
2020-04-19,11,2.21,1.1,0,0,0,198,0,0,0,0,0,0,0,0,0,0,0,0,0,0,0,0,0,0,0,0,0,0,0,0,0,0,0,0,0,0,0,0,0,0,0,0,0,0,0,0,0,0,0,0,0,0,0,0,0,0,0,0,0,0,0,0,0,0,0,0,0,0,0,0,0,0,0,0,0,0,0,0,0,0,0,0,0,126,1,30,95,19.8,0,1.53
2020-04-20,12,2.09,1.16,0,0,0,563,0,0,0,0,0,0,0,0,0,0,0,0,0,0,0,0,0,0,0,0,0,0,0,0,5,0,0,0,0,0,0,0,0,0,0,0,0,0,0,0,0,0,0,0,0,0,0,0,0,0,0,0,0,0,0,0,0,0,0,0,0,0,0,0,0,0,0,0,0,0,0,0,0,0,0,0,0,138,1,35,102,56.3,0,1.59
2020-04-21,6,1.33,2.1,0,0,0,393,0,0,0,0,0,0,0,0,0,0,0,0,0,0,0,0,0,0,0,0,0,0,0,0,6,0,0,0,0,0,0,0,0,0,0,0,0,0,0,0,0,0,0,0,0,0,0,0,0,0,0,0,0,0,0,0,0,0,0,0,0,0,0,0,0,0,0,0,0,0,0,0,0,0,0,0,0,144,1,41,102,39.3,0,1.65
2020-04-22,19,1.33,2.26,0,0,0,570,0,0,0,0,0,0,0,0,0,0,0,0,0,0,0,0,0,0,0,0,0,0,0,0,1,0,0,0,0,0,0,0,0,0,0,0,0,0,0,0,0,0,0,0,0,0,0,0,0,0,0,0,0,0,0,0,0,0,0,0,0,0,0,0,0,0,0,0,0,0,0,0,0,0,0,0,0,163,1,42,120,57.0,0,1.71
2020-04-23,8,1.07,1.98,0,0,0,639,0,0,0,0,0,0,0,0,0,0,0,0,0,0,0,0,0,0,0,0,0,0,0,0,3,0,0,0,0,0,0,0,0,0,0,0,0,0,0,0,0,0,0,0,0,0,0,0,0,0,0,0,0,0,0,0,0,0,0,0,0,0,0,0,0,0,0,0,0,0,0,0,0,0,0,0,0,171,1,45,125,63.9,0,1.76
2020-04-24,18,1.11,2.02,0,0,0,666,0,0,0,0,0,0,0,0,0,0,0,0,0,0,0,0,0,0,0,0,0,0,0,0,3,0,0,0,0,0,0,0,0,0,0,0,0,0,0,0,0,0,0,0,0,0,0,0,0,0,0,0,0,0,0,0,0,0,0,0,0,0,0,0,0,0,0,0,0,0,0,0,0,0,0,0,0,189,1,48,140,66.6,0,1.82
2020-04-25,21,1.65,1.9,0,0,0,726,0,0,0,0,0,0,0,0,0,0,0,0,0,0,0,0,0,0,0,0,0,0,0,0,1,0,0,0,0,0,0,0,0,0,0,0,0,0,0,0,0,0,0,0,0,0,0,0,0,0,0,0,0,0,0,0,0,0,0,0,0,0,0,0,0,0,0,0,0,0,0,0,0,0,0,0,0,210,1,49,160,72.6,0,1.88
2020-04-26,26,1.52,1.96,0,0,0,558,0,0,0,0,0,0,0,0,0,0,0,0,0,0,0,0,0,0,0,0,0,0,0,0,10,2,0,0,0,0,0,0,0,0,0,0,0,0,0,0,0,0,0,0,0,0,0,0,0,0,0,0,0,0,0,0,0,0,0,0,0,0,0,0,0,0,0,0,0,0,0,0,0,0,0,0,0,236,3,59,174,55.8,0,1.94
2020-04-27,28,2.07,1.97,0,0,0,739,0,0,0,0,0,0,0,0,0,0,0,0,0,0,0,0,0,0,0,0,0,0,0,0,7,0,0,0,0,0,0,0,0,0,0,0,0,0,0,0,0,0,0,0,0,0,0,0,0,0,0,0,0,0,0,0,0,0,0,0,0,0,0,0,0,0,0,0,0,0,0,0,0,0,0,0,0,264,3,66,195,73.9,0,2.0
2020-04-28,39,2.24,2.45,0,0,0,488,0,0,0,0,0,0,0,0,0,0,0,0,0,0,0,0,0,0,0,0,0,0,0,0,0,0,0,0,0,0,0,0,0,0,0,0,0,0,0,0,0,0,0,0,0,0,0,0,0,0,0,0,0,0,0,0,0,0,0,0,0,0,0,0,0,0,0,0,0,0,0,0,0,0,0,0,0,303,3,66,234,48.8,0,2.06
2020-04-29,23,1.76,2.06,0,0,0,679,0,0,0,0,0,0,0,0,0,0,0,0,0,0,0,0,0,0,0,0,0,0,0,0,0,0,0,0,0,0,0,0,0,0,0,0,0,0,0,0,0,0,0,0,0,0,0,0,0,0,0,0,0,0,0,0,0,0,0,0,0,0,0,0,0,0,0,0,0,0,0,0,0,0,0,0,0,326,3,66,257,67.9,0,2.12
2020-04-30,32,1.67,2.37,0,0,0,721,0,0,0,0,0,0,0,0,0,0,0,0,0,0,0,0,0,0,0,0,0,0,0,0,0,0,0,0,0,0,0,0,0,0,0,0,0,0,0,0,0,0,0,0,0,0,0,0,0,0,0,0,0,0,0,0,0,0,0,0,0,0,0,0,0,0,0,0,0,0,0,0,0,0,0,0,0,358,3,66,289,72.1,0,2.18
2020-05-01,37,1.41,2.42,0,0,0,848,0,0,0,0,0,0,0,0,0,0,0,0,0,0,0,0,0,0,0,0,0,0,0,0,7,2,0,0,0,0,0,0,0,0,0,0,0,0,0,0,0,0,0,0,0,0,0,0,0,0,0,0,0,0,0,0,0,0,0,0,0,0,0,0,0,0,0,0,0,0,0,0,0,0,0,0,0,395,5,73,317,84.8,0,2.23
2020-05-02,43,1.18,2.4,0,0,0,1147,0,0,0,0,0,0,0,0,0,0,0,0,0,0,0,0,0,0,0,0,0,0,0,0,25,1,0,0,0,0,0,0,0,0,0,0,0,0,0,0,0,0,0,0,0,0,0,0,0,0,0,0,0,0,0,0,0,0,0,0,0,0,0,0,0,0,0,0,0,0,0,0,0,0,0,0,0,438,6,98,334,114.7,0,2.29
2020-05-03,41,1.32,2.21,0,0,0,1167,0,0,0,0,0,0,0,0,0,0,0,0,0,0,0,0,0,0,0,0,0,0,0,0,16,0,0,0,0,0,0,0,0,0,0,0,0,0,0,0,0,0,0,0,0,0,0,0,0,0,0,0,0,0,0,0,0,0,0,0,0,0,0,0,0,0,0,0,0,0,0,0,0,0,0,0,0,479,6,114,359,116.7,0,2.35
2020-05-04,45,1.36,2.06,0,0,0,890,0,0,0,0,0,0,0,0,0,0,0,0,0,0,0,0,0,0,0,0,0,0,0,0,0,3,0,0,0,0,0,0,0,0,0,0,0,0,0,0,0,0,0,0,0,0,0,0,0,0,0,0,0,0,0,0,0,0,0,0,0,0,0,0,0,0,0,0,0,0,0,0,0,0,0,0,0,524,9,114,401,89.0,0,2.41
2020-05-05,42,1.31,1.65,0,0,0,719,0,0,0,0,0,0,0,0,0,0,0,0,0,0,0,0,0,0,0,0,0,0,0,0,8,2,0,0,0,0,0,0,0,0,0,0,0,0,0,0,0,0,0,0,0,0,0,0,0,0,0,0,0,0,0,0,0,0,0,0,0,0,0,0,0,0,0,0,0,0,0,0,0,0,0,0,0,566,11,122,433,71.9,0,2.47
2020-05-06,17,1.07,1.58,0,0,0,1138,0,0,0,0,0,0,0,0,0,0,0,0,0,0,0,0,0,0,0,0,0,0,0,0,20,0,0,0,0,0,0,0,0,0,0,0,0,0,0,0,0,0,0,0,0,0,0,0,0,0,0,0,0,0,0,0,0,0,0,0,0,0,0,0,0,0,0,0,0,0,0,0,0,0,0,0,0,583,11,142,430,113.8,0,2.53
2020-05-07,16,0.78,1.29,0,0,0,453,0,0,0,0,0,0,0,0,0,0,0,0,0,0,0,0,0,0,0,0,0,0,0,0,11,0,0,0,0,0,0,0,0,0,0,0,0,0,0,0,0,0,0,0,0,0,0,0,0,0,0,0,0,0,0,0,0,0,0,0,0,0,0,0,0,0,0,0,0,0,0,0,0,0,0,0,0,599,11,153,435,45.3,0,2.39
2020-05-08,38,0.68,1.17,0,0,0,761,0,0,0,0,0,0,0,0,0,0,0,0,0,0,0,0,0,0,0,0,0,0,0,0,15,0,0,0,0,0,0,0,0,0,0,0,0,0,0,0,0,0,0,0,0,0,0,0,0,0,0,0,0,0,0,0,0,0,0,0,0,0,0,0,0,0,0,0,0,0,0,0,0,0,0,0,0,637,11,168,458,76.1,0,2.26
2020-05-09,34,0.61,1.02,0,0,0,973,0,0,0,0,0,0,0,0,0,0,0,0,0,0,0,0,0,0,0,0,0,0,0,0,6,0,0,0,0,0,0,0,0,0,0,0,0,0,0,0,0,0,0,0,0,0,0,0,0,0,0,0,0,0,0,0,0,0,0,0,0,0,0,0,0,0,0,0,0,0,0,0,0,0,0,0,0,671,11,174,486,97.3,0,2.15
2020-05-10,42,0.9,0.96,0,0,0,1321,0,0,0,0,0,0,0,0,0,0,0,0,0,0,0,0,0,0,0,0,0,0,0,0,13,0,0,0,0,0,0,0,0,0,0,0,0,0,0,0,0,0,0,0,0,0,0,0,0,0,0,0,0,0,0,0,0,0,0,0,0,0,0,0,0,0,0,0,0,0,0,0,0,0,0,0,0,713,11,187,515,132.1,0,2.05
2020-05-11,40,1.28,0.88,0,0,0,968,0,0,0,0,0,0,0,0,0,0,0,0,0,0,0,0,0,0,0,0,0,0,0,0,18,0,0,0,0,0,0,0,0,0,0,0,0,0,0,0,0,0,0,0,0,0,0,0,0,0,0,0,0,0,0,0,0,0,0,0,0,0,0,0,0,0,0,0,0,0,0,0,0,0,0,0,0,753,11,205,537,96.8,0,2.1
2020-05-12,19,1.19,0.78,0,0,0,561,0,0,0,0,0,0,0,0,0,0,0,0,0,0,0,0,0,0,0,0,0,0,0,0,9,0,0,0,0,0,0,0,0,0,0,0,0,0,0,0,0,0,0,0,0,0,0,0,0,0,0,0,0,0,0,0,0,0,0,0,0,0,0,0,0,0,0,0,0,0,0,0,0,0,0,0,0,772,11,214,547,56.1,0,2.14
2020-05-13,40,1.34,0.89,0,0,0,995,0,0,0,0,0,0,0,0,0,0,0,0,0,0,0,0,0,0,0,0,0,0,0,0,31,1,0,0,0,0,0,0,0,0,0,0,0,0,0,0,0,0,0,0,0,0,0,0,0,0,0,0,0,0,0,0,0,0,0,0,0,0,0,0,0,0,0,0,0,0,0,0,0,0,0,0,0,812,12,245,555,99.5,0,2.19
2020-05-14,36,1.04,1.03,0,0,0,871,0,0,0,0,0,0,0,0,0,0,0,0,0,0,0,0,0,0,0,0,0,0,0,0,30,1,0,0,0,0,0,0,0,0,0,0,0,0,0,0,0,0,0,0,0,0,0,0,0,0,0,0,0,0,0,0,0,0,0,0,0,0,0,0,0,0,0,0,0,0,0,0,0,0,0,0,0,848,13,275,560,87.1,0,2.24
2020-05-15,33,0.83,1.01,0,0,0,533,0,0,0,0,0,0,0,0,0,0,0,0,0,0,0,0,0,0,0,0,0,0,0,0,46,0,0,0,0,0,0,0,0,0,0,0,0,0,0,0,0,0,0,0,0,0,0,0,0,0,0,0,0,0,0,0,0,0,0,0,0,0,0,0,0,0,0,0,0,0,0,0,0,0,0,0,0,881,13,321,547,53.3,0,2.14
2020-05-16,35,1.07,1.05,0,0,0,1398,0,0,0,0,0,0,0,0,0,0,0,0,0,0,0,0,0,0,0,0,0,0,0,0,16,2,0,0,0,0,0,0,0,0,0,0,0,0,0,0,0,0,0,0,0,0,0,0,0,0,0,0,0,0,0,0,0,0,0,0,0,0,0,0,0,0,0,0,0,0,0,0,0,0,0,0,0,916,15,337,564,139.8,0,2.18
2020-05-17,36,0.99,1.02,0,0,0,1171,0,0,0,0,0,0,0,0,0,0,0,0,0,0,0,0,0,0,0,0,0,0,0,0,22,0,0,0,0,0,0,0,0,0,0,0,0,0,0,0,0,0,0,0,0,0,0,0,0,0,0,0,0,0,0,0,0,0,0,0,0,0,0,0,0,0,0,0,0,0,0,0,0,0,0,0,0,952,15,359,578,117.1,0,2.09
2020-05-18,26,0.96,0.98,0,0,0,1192,0,0,0,0,0,0,0,0,0,0,0,0,0,0,0,0,0,0,0,0,0,0,0,0,22,3,0,0,0,0,0,0,0,0,0,0,0,0,0,0,0,0,0,0,0,0,0,0,0,0,0,0,0,0,0,0,0,0,0,0,0,0,0,0,0,0,0,0,0,0,0,0,0,0,0,0,0,978,18,381,579,119.2,0,2.0
2020-05-19,32,1.01,1.16,0,0,0,617,0,0,0,0,0,0,0,0,0,0,0,0,0,0,0,0,0,0,0,0,0,0,0,0,40,0,0,0,0,0,0,0,0,0,0,0,0,0,0,0,0,0,0,0,0,0,0,0,0,0,0,0,0,0,0,0,0,0,0,0,0,0,0,0,0,0,0,0,0,0,0,0,0,0,0,0,0,1010,18,421,571,61.7,0,2.04
2020-05-20,32,0.88,1.0,0,0,0,932,0,0,0,0,0,0,0,0,0,0,0,0,0,0,0,0,0,0,0,0,0,0,0,0,36,0,0,0,0,0,0,0,0,0,0,0,0,0,0,0,0,0,0,0,0,0,0,0,0,0,0,0,0,0,0,0,0,0,0,0,0,0,0,0,0,0,0,0,0,0,0,0,0,0,0,0,0,1042,18,457,567,93.2,0,1.96
2020-05-21,34,0.89,0.92,0,0,0,0,0,0,0,0,0,0,0,0,0,0,0,0,0,0,0,0,0,0,0,0,0,0,0,0,6,0,0,0,0,0,0,0,0,0,0,0,0,0,0,0,0,0,0,0,0,0,0,0,0,0,0,0,0,0,0,0,0,0,0,0,0,0,0,0,0,0,0,0,0,0,0,0,0,0,0,0,0,1076,18,463,595,0.0,0,1.88
2020-05-22,41,1.07,0.97,0,0,0,2736,0,0,0,0,0,0,0,0,0,0,0,0,0,0,0,0,0,0,0,0,0,0,0,0,6,0,0,0,0,0,0,0,0,0,0,0,0,0,0,0,0,0,0,0,0,0,0,0,0,0,0,0,0,0,0,0,0,0,0,0,0,0,0,0,0,0,0,0,0,0,0,0,0,0,0,0,0,1117,18,469,630,273.6,0,1.92
2020-05-23,41,1.15,0.99,0,0,0,1501,0,0,0,0,0,0,0,0,0,0,0,0,0,0,0,0,0,0,0,0,0,0,0,0,59,0,0,0,0,0,0,0,0,0,0,0,0,0,0,0,0,0,0,0,0,0,0,0,0,0,0,0,0,0,0,0,0,0,0,0,0,0,0,0,0,0,0,0,0,0,0,0,0,0,0,0,0,1158,18,528,612,150.1,0,1.96
2020-05-24,43,1.26,1.04,0,0,0,1119,0,0,0,0,0,0,0,0,0,0,0,0,0,0,0,0,0,0,0,0,0,0,0,0,4,0,0,0,0,0,0,0,0,0,0,0,0,0,0,0,0,0,0,0,0,0,0,0,0,0,0,0,0,0,0,0,0,0,0,0,0,0,0,0,0,0,0,0,0,0,0,0,0,0,0,0,0,1201,18,532,651,111.9,0,2.0
2020-05-25,43,1.35,1.18,0,0,0,1452,0,0,0,0,0,0,0,0,0,0,0,0,0,0,0,0,0,0,0,0,0,0,0,0,0,3,0,0,0,0,0,0,0,0,0,0,0,0,0,0,0,0,0,0,0,0,0,0,0,0,0,0,0,0,0,0,0,0,0,0,0,0,0,0,0,0,0,0,0,0,0,0,0,0,0,0,0,1244,21,532,691,145.2,0,2.04
2020-05-26,50,1.27,1.19,0,0,0,822,0,0,0,0,0,0,0,0,0,0,0,0,0,0,0,0,0,0,0,0,0,0,0,0,22,0,0,0,0,0,0,0,0,0,0,0,0,0,0,0,0,0,0,0,0,0,0,0,0,0,0,0,0,0,0,0,0,0,0,0,0,0,0,0,0,0,0,0,0,0,0,0,0,0,0,0,0,1294,21,554,719,82.2,0,2.08
2020-05-27,44,1.22,1.29,0,0,0,1521,0,0,0,0,0,0,0,0,0,0,0,0,0,0,0,0,0,0,0,0,0,0,0,0,31,2,0,0,0,0,0,0,0,0,0,0,0,0,0,0,0,0,0,0,0,0,0,0,0,0,0,0,0,0,0,0,0,0,0,0,0,0,0,0,0,0,0,0,0,0,0,0,0,0,0,0,0,1338,23,585,730,152.1,0,2.12
2020-05-28,38,1.1,1.32,0,0,0,1288,0,0,0,0,0,0,0,0,0,0,0,0,0,0,0,0,0,0,0,0,0,0,0,0,1,0,0,0,0,0,0,0,0,0,0,0,0,0,0,0,0,0,0,0,0,0,0,0,0,0,0,0,0,0,0,0,0,0,0,0,0,0,0,0,0,0,0,0,0,0,0,0,0,0,0,0,0,1376,23,586,767,128.8,0,2.15
2020-05-29,33,0.98,1.24,0,0,0,1495,0,0,0,0,0,0,0,0,0,0,0,0,0,0,0,0,0,0,0,0,0,0,0,0,5,1,0,0,0,0,0,0,0,0,0,0,0,0,0,0,0,0,0,0,0,0,0,0,0,0,0,0,0,0,0,0,0,0,0,0,0,0,0,0,0,0,0,0,0,0,0,0,0,0,0,0,0,1409,24,591,794,149.5,0,2.07
2020-05-30,51,0.94,1.25,0,0,0,1571,0,0,0,0,0,0,0,0,0,0,0,0,0,0,0,0,0,0,0,0,0,0,0,0,36,1,0,0,0,0,0,0,0,0,0,0,0,0,0,0,0,0,0,0,0,0,0,0,0,0,0,0,0,0,0,0,0,0,0,0,0,0,0,0,0,0,0,0,0,0,0,0,0,0,0,0,0,1460,25,627,808,157.1,0,2.0
2020-05-31,48,0.94,1.23,0,0,0,1451,0,0,0,0,0,0,0,0,0,0,0,0,0,0,0,0,0,0,0,0,0,0,0,0,1,0,0,0,0,0,0,0,0,0,0,0,0,0,0,0,0,0,0,0,0,0,0,0,0,0,0,0,0,0,0,0,0,0,0,0,0,0,0,0,0,0,0,0,0,0,0,0,0,0,0,0,0,1508,25,628,855,145.1,0,1.93
2020-06-01,45,1.01,1.16,0,0,0,1115,0,0,0,0,0,0,0,0,0,0,0,0,0,0,0,0,0,0,0,0,0,0,0,0,1,0,0,0,0,0,0,0,0,0,0,0,0,0,0,0,0,0,0,0,0,0,0,0,0,0,0,0,0,0,0,0,0,0,0,0,0,0,0,0,0,0,0,0,0,0,0,0,0,0,0,0,0,1553,25,629,899,111.5,0,1.97
2020-06-02,54,1.2,1.1,0,0,0,809,0,0,0,0,0,0,0,0,0,0,0,0,0,0,0,0,0,0,0,0,0,0,0,0,40,0,0,0,0,0,0,0,0,0,0,0,0,0,0,0,0,0,0,0,0,0,0,0,0,0,0,0,0,0,0,0,0,0,0,0,0,0,0,0,0,0,0,0,0,0,0,0,0,0,0,0,0,1607,25,669,913,80.9,0,2.0
2020-06-03,35,1.1,1.03,0,0,0,1353,0,0,0,0,0,0,0,0,0,0,0,0,0,0,0,0,0,0,0,0,0,0,0,0,28,4,0,0,0,0,0,0,0,0,0,0,0,0,0,0,0,0,0,0,0,0,0,0,0,0,0,0,0,0,0,0,0,0,0,0,0,0,0,0,0,0,0,0,0,0,0,0,0,0,0,0,0,1642,29,697,916,135.3,0,2.04
2020-06-04,23,0.92,0.96,0,0,0,1540,0,0,0,0,0,0,0,0,0,0,0,0,0,0,0,0,0,0,0,0,0,0,0,0,28,0,0,0,0,0,0,0,0,0,0,0,0,0,0,0,0,0,0,0,0,0,0,0,0,0,0,0,0,0,0,0,0,0,0,0,0,0,0,0,0,0,0,0,0,0,0,0,0,0,0,0,0,1665,29,725,911,154.0,0,1.97
2020-06-05,35,0.83,1.0,0,0,0,1587,0,0,0,0,0,0,0,0,0,0,0,0,0,0,0,0,0,0,0,0,0,0,0,0,22,0,0,0,0,0,0,0,0,0,0,0,0,0,0,0,0,0,0,0,0,0,0,0,0,0,0,0,0,0,0,0,0,0,0,0,0,0,0,0,0,0,0,0,0,0,0,0,0,0,0,0,0,1700,29,747,924,158.7,0,1.9
2020-06-06,36,0.65,0.91,0,0,0,1370,0,0,0,0,0,0,0,0,0,0,0,0,0,0,0,0,0,0,0,0,0,0,0,0,23,0,0,0,0,0,0,0,0,0,0,0,0,0,0,0,0,0,0,0,0,0,0,0,0,0,0,0,0,0,0,0,0,0,0,0,0,0,0,0,0,0,0,0,0,0,0,0,0,0,0,0,0,1736,29,770,937,137.0,0,1.84
2020-06-07,40,0.74,0.87,0,0,0,1059,0,0,0,0,0,0,0,0,0,0,0,0,0,0,0,0,0,0,0,0,0,0,0,0,16,0,0,0,0,0,0,0,0,0,0,0,0,0,0,0,0,0,0,0,0,0,0,0,0,0,0,0,0,0,0,0,0,0,0,0,0,0,0,0,0,0,0,0,0,0,0,0,0,0,0,0,0,1776,29,786,961,105.9,0,1.79
2020-06-08,37,0.94,0.84,0,0,0,1193,0,0,0,0,0,0,0,0,0,0,0,0,0,0,0,0,0,0,0,0,0,0,0,0,3,0,0,0,0,0,0,0,0,0,0,0,0,0,0,0,0,0,0,0,0,0,0,0,0,0,0,0,0,0,0,0,0,0,0,0,0,0,0,0,0,0,0,0,0,0,0,0,0,0,0,0,0,1813,29,789,995,119.3,0,1.74
2020-06-09,45,1.07,0.8,0,0,0,827,0,0,0,0,0,0,0,0,0,0,0,0,0,0,0,0,0,0,0,0,0,0,0,0,65,3,0,0,0,0,0,0,0,0,0,0,0,0,0,0,0,0,0,0,0,0,0,0,0,0,0,0,0,0,0,0,0,0,0,0,0,0,0,0,0,0,0,0,0,0,0,0,0,0,0,0,0,1858,32,854,972,82.7,0,1.76
2020-06-10,46,1.3,0.86,0,0,0,1296,0,0,0,0,0,0,0,0,0,0,0,0,0,0,0,0,0,0,0,0,0,0,0,0,75,0,0,0,0,0,0,0,0,0,0,0,0,0,0,0,0,0,0,0,0,0,0,0,0,0,0,0,0,0,0,0,0,0,0,0,0,0,0,0,0,0,0,0,0,0,0,0,0,0,0,0,0,1904,32,929,943,129.6,0,1.79
2020-06-11,42,1.27,0.97,0,0,0,1459,0,0,0,0,0,0,0,0,0,0,0,0,0,0,0,0,0,0,0,0,0,0,0,0,28,2,0,0,0,0,0,0,0,0,0,0,0,0,0,0,0,0,0,0,0,0,0,0,0,0,0,0,0,0,0,0,0,0,0,0,0,0,0,0,0,0,0,0,0,0,0,0,0,0,0,0,0,1946,34,957,955,145.9,0,1.82
2020-06-12,38,1.16,0.98,0,0,0,1839,0,0,0,0,0,0,0,0,0,0,0,0,0,0,0,0,0,0,0,0,0,0,0,0,26,0,0,0,0,0,0,0,0,0,0,0,0,0,0,0,0,0,0,0,0,0,0,0,0,0,0,0,0,0,0,0,0,0,0,0,0,0,0,0,0,0,0,0,0,0,0,0,0,0,0,0,0,1984,34,983,967,183.9,0,1.85
2020-06-13,43,1.07,1.05,0,0,0,1264,0,0,0,0,0,0,0,0,0,0,0,0,0,0,0,0,0,0,0,0,0,0,0,0,3,0,0,0,0,0,0,0,0,0,0,0,0,0,0,0,0,0,0,0,0,0,0,0,0,0,0,0,0,0,0,0,0,0,0,0,0,0,0,0,0,0,0,0,0,0,0,0,0,0,0,0,0,2027,34,986,1007,126.4,0,1.88
2020-06-14,45,1.0,1.1,0,0,0,1071,0,0,0,0,0,0,0,0,0,0,0,0,0,0,0,0,0,0,0,0,0,0,0,0,5,0,0,0,0,0,0,0,0,0,0,0,0,0,0,0,0,0,0,0,0,0,0,0,0,0,0,0,0,0,0,0,0,0,0,0,0,0,0,0,0,0,0,0,0,0,0,0,0,0,0,0,0,2072,34,991,1047,107.1,0,1.91
2020-06-15,40,0.98,1.15,0,0,0,984,0,0,0,0,0,0,0,0,0,0,0,0,0,0,0,0,0,0,0,0,0,0,0,0,2,0,0,0,0,0,0,0,0,0,0,0,0,0,0,0,0,0,0,0,0,0,0,0,0,0,0,0,0,0,0,0,0,0,0,0,0,0,0,0,0,0,0,0,0,0,0,0,0,0,0,0,0,2112,34,993,1085,98.4,0,1.86
2020-06-16,12,0.82,1.06,0,0,0,787,0,0,0,0,0,0,0,0,0,0,0,0,0,0,0,0,0,0,0,0,0,0,0,0,56,0,0,0,0,0,0,0,0,0,0,0,0,0,0,0,0,0,0,0,0,0,0,0,0,0,0,0,0,0,0,0,0,0,0,0,0,0,0,0,0,0,0,0,0,0,0,0,0,0,0,0,0,2124,34,1049,1041,78.7,0,1.81
2020-06-17,37,0.79,0.98,0,0,0,1167,0,0,0,0,0,0,0,0,0,0,0,0,0,0,0,0,0,0,0,0,0,0,0,0,41,1,0,0,0,0,0,0,0,0,0,0,0,0,0,0,0,0,0,0,0,0,0,0,0,0,0,0,0,0,0,0,0,0,0,0,0,0,0,0,0,0,0,0,0,0,0,0,0,0,0,0,0,2161,35,1090,1036,116.7,0,1.76
2020-06-18,34,0.73,0.89,0,0,0,1454,0,0,0,0,0,0,0,0,0,0,0,0,0,0,0,0,0,0,0,0,0,0,0,0,44,1,0,0,0,0,0,0,0,0,0,0,0,0,0,0,0,0,0,0,0,0,0,0,0,0,0,0,0,0,0,0,0,0,0,0,0,0,0,0,0,0,0,0,0,0,0,0,0,0,0,0,0,2195,36,1134,1025,145.4,0,1.71
2020-06-19,32,0.69,0.86,0,0,0,995,0,0,0,0,0,0,0,0,0,0,0,0,0,0,0,0,0,0,0,0,0,0,0,0,56,0,0,0,0,0,0,0,0,0,0,0,0,0,0,0,0,0,0,0,0,0,0,0,0,0,0,0,0,0,0,0,0,0,0,0,0,0,0,0,0,0,0,0,0,0,0,0,0,0,0,0,0,2227,36,1190,1001,99.5,0,1.67
2020-06-20,35,0.99,0.81,0,0,0,1218,0,0,0,0,0,0,0,0,0,0,0,0,0,0,0,0,0,0,0,0,0,0,0,0,27,1,0,0,0,0,0,0,0,0,0,0,0,0,0,0,0,0,0,0,0,0,0,0,0,0,0,0,0,0,0,0,0,0,0,0,0,0,0,0,0,0,0,0,0,0,0,0,0,0,0,0,0,2262,37,1217,1008,121.8,0,1.62
2020-06-21,30,0.98,0.74,0,0,0,1299,0,0,0,0,0,0,0,0,0,0,0,0,0,0,0,0,0,0,0,0,0,0,0,0,8,0,0,0,0,0,0,0,0,0,0,0,0,0,0,0,0,0,0,0,0,0,0,0,0,0,0,0,0,0,0,0,0,0,0,0,0,0,0,0,0,0,0,0,0,0,0,0,0,0,0,0,0,2292,37,1225,1030,129.9,0,1.58
2020-06-22,29,1.02,0.7,0,0,0,2471,0,0,0,0,0,0,0,0,0,0,0,0,0,0,0,0,0,0,0,0,0,0,0,0,0,1,0,0,0,0,0,0,0,0,0,0,0,0,0,0,0,0,0,0,0,0,0,0,0,0,0,0,0,0,0,0,0,0,0,0,0,0,0,0,0,0,0,0,0,0,0,0,0,0,0,0,0,2321,38,1225,1058,247.1,0,1.61
2020-06-23,27,1.05,0.84,0,0,0,881,0,0,0,0,0,0,0,0,0,0,0,0,0,0,0,0,0,0,0,0,0,0,0,0,82,0,0,0,0,0,0,0,0,0,0,0,0,0,0,0,0,0,0,0,0,0,0,0,0,0,0,0,0,0,0,0,0,0,0,0,0,0,0,0,0,0,0,0,0,0,0,0,0,0,0,0,0,2348,38,1307,1003,88.1,0,1.63
2020-06-24,8,0.68,0.76,0,0,0,1150,0,0,0,0,0,0,0,0,0,0,0,0,0,0,0,0,0,0,0,0,0,0,0,0,40,0,0,0,0,0,0,0,0,0,0,0,0,0,0,0,0,0,0,0,0,0,0,0,0,0,0,0,0,0,0,0,0,0,0,0,0,0,0,0,0,0,0,0,0,0,0,0,0,0,0,0,0,2356,38,1347,971,115.0,0,1.6
2020-06-25,17,0.62,0.71,0,0,0,989,0,0,0,0,0,0,0,0,0,0,0,0,0,0,0,0,0,0,0,0,0,0,0,0,16,0,0,0,0,0,0,0,0,0,0,0,0,0,0,0,0,0,0,0,0,0,0,0,0,0,0,0,0,0,0,0,0,0,0,0,0,0,0,0,0,0,0,0,0,0,0,0,0,0,0,0,0,2373,38,1363,972,98.9,0,1.56
2020-06-26,19,0.56,0.68,0,0,0,1015,0,0,0,0,0,0,0,0,0,0,0,0,0,0,0,0,0,0,0,0,0,0,0,0,14,0,0,0,0,0,0,0,0,0,0,0,0,0,0,0,0,0,0,0,0,0,0,0,0,0,0,0,0,0,0,0,0,0,0,0,0,0,0,0,0,0,0,0,0,0,0,0,0,0,0,0,0,2392,38,1377,977,101.5,0,1.52
2020-06-27,19,0.52,0.63,0,0,0,1009,0,0,0,0,0,0,0,0,0,0,0,0,0,0,0,0,0,0,0,0,0,0,0,0,29,0,0,0,0,0,0,0,0,0,0,0,0,0,0,0,0,0,0,0,0,0,0,0,0,0,0,0,0,0,0,0,0,0,0,0,0,0,0,0,0,0,0,0,0,0,0,0,0,0,0,0,0,2411,38,1406,967,100.9,0,1.49
2020-06-28,15,0.74,0.61,0,0,0,1224,0,0,0,0,0,0,0,0,0,0,0,0,0,0,0,0,0,0,0,0,0,0,0,0,7,0,0,0,0,0,0,0,0,0,0,0,0,0,0,0,0,0,0,0,0,0,0,0,0,0,0,0,0,0,0,0,0,0,0,0,0,0,0,0,0,0,0,0,0,0,0,0,0,0,0,0,0,2426,38,1413,975,122.4,0,1.46
2020-06-29,10,0.78,0.55,0,0,0,1126,0,0,0,0,0,0,0,0,0,0,0,0,0,0,0,0,0,0,0,0,0,0,0,0,3,0,0,0,0,0,0,0,0,0,0,0,0,0,0,0,0,0,0,0,0,0,0,0,0,0,0,0,0,0,0,0,0,0,0,0,0,0,0,0,0,0,0,0,0,0,0,0,0,0,0,0,0,2436,38,1416,982,112.6,0,1.43
2020-06-30,10,0.76,0.44,0,0,0,969,0,0,0,0,0,0,0,0,0,0,0,0,0,0,0,0,0,0,0,0,0,0,0,0,76,0,0,0,0,0,0,0,0,0,0,0,0,0,0,0,0,0,0,0,0,0,0,0,0,0,0,0,0,0,0,0,0,0,0,0,0,0,0,0,0,0,0,0,0,0,0,0,0,0,0,0,0,2446,38,1492,916,96.9,0,1.4
2020-07-01,9,0.7,0.51,0,0,0,1058,0,0,0,0,0,0,0,0,0,0,0,0,0,0,0,0,0,0,0,0,0,0,0,0,30,0,0,0,0,0,0,0,0,0,0,0,0,0,0,0,0,0,0,0,0,0,0,0,0,0,0,0,0,0,0,0,0,0,0,0,0,0,0,0,0,0,0,0,0,0,0,0,0,0,0,0,0,2455,38,1522,895,105.8,0,1.37
2020-07-02,17,0.66,0.56,0,0,0,1126,0,0,0,0,0,0,0,0,0,0,0,0,0,0,0,0,0,0,0,0,0,0,0,0,23,0,0,0,0,0,0,0,0,0,0,0,0,0,0,0,0,0,0,0,0,0,0,0,0,0,0,0,0,0,0,0,0,0,0,0,0,0,0,0,0,0,0,0,0,0,0,0,0,0,0,0,0,2472,38,1545,889,112.6,0,1.34
2020-07-03,15,0.81,0.58,0,0,0,1210,0,0,0,0,0,0,0,0,0,0,0,0,0,0,0,0,0,0,0,0,0,0,0,0,45,0,0,0,0,0,0,0,0,0,0,0,0,0,0,0,0,0,0,0,0,0,0,0,0,0,0,0,0,0,0,0,0,0,0,0,0,0,0,0,0,0,0,0,0,0,0,0,0,0,0,0,0,2487,38,1590,859,121.0,0,1.31
2020-07-04,18,1.09,0.63,0,0,0,1062,0,0,0,0,0,0,0,0,0,0,0,0,0,0,0,0,0,0,0,0,0,0,0,0,47,1,0,0,0,0,0,0,0,0,0,0,0,0,0,0,0,0,0,0,0,0,0,0,0,0,0,0,0,0,0,0,0,0,0,0,0,0,0,0,0,0,0,0,0,0,0,0,0,0,0,0,0,2505,39,1637,829,106.2,0,1.33
2020-07-05,16,1.5,0.71,0,0,0,1017,0,0,0,0,0,0,0,0,0,0,0,0,0,0,0,0,0,0,0,0,0,0,0,0,0,1,0,0,0,0,0,0,0,0,0,0,0,0,0,0,0,0,0,0,0,0,0,0,0,0,0,0,0,0,0,0,0,0,0,0,0,0,0,0,0,0,0,0,0,0,0,0,0,0,0,0,0,2521,40,1637,844,101.7,0,1.35
2020-07-06,18,1.46,0.9,0,0,0,1155,0,0,0,0,0,0,0,0,0,0,0,0,0,0,0,0,0,0,0,0,0,0,0,0,17,0,0,0,0,0,0,0,0,0,0,0,0,0,0,0,0,0,0,0,0,0,0,0,0,0,0,0,0,0,0,0,0,0,0,0,0,0,0,0,0,0,0,0,0,0,0,0,0,0,0,0,0,2539,40,1654,845,115.5,0,1.37
2020-07-07,14,1.29,1.09,0,0,0,966,0,0,0,0,0,0,0,0,0,0,0,0,0,0,0,0,0,0,0,0,0,0,0,0,59,0,0,0,0,0,0,0,0,0,0,0,0,0,0,0,0,0,0,0,0,0,0,0,0,0,0,0,0,0,0,0,0,0,0,0,0,0,0,0,0,0,0,0,0,0,0,0,0,0,0,0,0,2553,40,1713,800,96.6,0,1.39
2020-07-08,11,1.0,1.1,0,0,0,1165,0,0,0,0,0,0,0,0,0,0,0,0,0,0,0,0,0,0,0,0,0,0,0,0,39,1,0,0,0,0,0,0,0,0,0,0,0,0,0,0,0,0,0,0,0,0,0,0,0,0,0,0,0,0,0,0,0,0,0,0,0,0,0,0,0,0,0,0,0,0,0,0,0,0,0,0,0,2564,41,1752,771,116.5,0,1.41
2020-07-09,14,0.86,1.07,0,0,0,1349,0,0,0,0,0,0,0,0,0,0,0,0,0,0,0,0,0,0,0,0,0,0,0,0,23,0,0,0,0,0,0,0,0,0,0,0,0,0,0,0,0,0,0,0,0,0,0,0,0,0,0,0,0,0,0,0,0,0,0,0,0,0,0,0,0,0,0,0,0,0,0,0,0,0,0,0,0,2578,41,1775,762,134.9,0,1.38
2020-07-10,13,0.78,1.09,0,0,0,961,0,0,0,0,0,0,0,0,0,0,0,0,0,0,0,0,0,0,0,0,0,0,0,0,17,0,0,0,0,0,0,0,0,0,0,0,0,0,0,0,0,0,0,0,0,0,0,0,0,0,0,0,0,0,0,0,0,0,0,0,0,0,0,0,0,0,0,0,0,0,0,0,0,0,0,0,0,2591,41,1792,758,96.1,0,1.36
2020-07-11,14,0.79,1.06,0,0,0,1128,0,0,0,0,0,0,0,0,0,0,0,0,0,0,0,0,0,0,0,0,0,0,0,0,28,1,0,0,0,0,0,0,0,0,0,0,0,0,0,0,0,0,0,0,0,0,0,0,0,0,0,0,0,0,0,0,0,0,0,0,0,0,0,0,0,0,0,0,0,0,0,0,0,0,0,0,0,2605,42,1820,743,112.8,0,1.33
2020-07-12,10,0.86,0.99,0,0,0,942,0,0,0,0,0,0,0,0,0,0,0,0,0,0,0,0,0,0,0,0,0,0,0,0,0,1,0,0,0,0,0,0,0,0,0,0,0,0,0,0,0,0,0,0,0,0,0,0,0,0,0,0,0,0,0,0,0,0,0,0,0,0,0,0,0,0,0,0,0,0,0,0,0,0,0,0,0,2615,43,1820,752,94.2,0,1.31
2020-07-13,12,0.86,0.85,0,0,0,1064,0,0,0,0,0,0,0,0,0,0,0,0,0,0,0,0,0,0,0,0,0,0,0,0,0,0,0,0,0,0,0,0,0,0,0,0,0,0,0,0,0,0,0,0,0,0,0,0,0,0,0,0,0,0,0,0,0,0,0,0,0,0,0,0,0,0,0,0,0,0,0,0,0,0,0,0,0,2627,43,1820,764,106.4,0,1.29
2020-07-14,9,0.87,0.78,0,0,0,1021,0,0,0,0,0,0,0,0,0,0,0,0,0,0,0,0,0,0,0,0,0,0,0,0,12,1,0,0,0,0,0,0,0,0,0,0,0,0,0,0,0,0,0,0,0,0,0,0,0,0,0,0,0,0,0,0,0,0,0,0,0,0,0,0,0,0,0,0,0,0,0,0,0,0,0,0,0,2636,44,1832,760,102.1,0,1.26
2020-07-15,12,0.83,0.77,0,0,0,1045,0,0,0,0,0,0,0,0,0,0,0,0,0,0,0,0,0,0,0,0,0,0,0,0,6,0,0,0,0,0,0,0,0,0,0,0,0,0,0,0,0,0,0,0,0,0,0,0,0,0,0,0,0,0,0,0,0,0,0,0,0,0,0,0,0,0,0,0,0,0,0,0,0,0,0,0,0,2648,44,1838,766,104.5,0,1.24
2020-07-16,14,0.92,0.79,0,0,0,1246,0,0,0,0,0,0,0,0,0,0,0,0,0,0,0,0,0,0,0,0,0,0,0,0,40,0,0,0,0,0,0,0,0,0,0,0,0,0,0,0,0,0,0,0,0,0,0,0,0,0,0,0,0,0,0,0,0,0,0,0,0,0,0,0,0,0,0,0,0,0,0,0,0,0,0,0,0,2662,44,1878,740,124.6,0,1.22
2020-07-17,14,1.0,0.82,0,0,0,1109,0,0,0,0,0,0,0,0,0,0,0,0,0,0,0,0,0,0,0,0,0,0,0,0,54,0,0,0,0,0,0,0,0,0,0,0,0,0,0,0,0,0,0,0,0,0,0,0,0,0,0,0,0,0,0,0,0,0,0,0,0,0,0,0,0,0,0,0,0,0,0,0,0,0,0,0,0,2676,44,1932,700,110.9,0,1.24
2020-07-18,15,1.22,0.86,0,0,0,1134,0,0,0,0,0,0,0,0,0,0,0,0,0,0,0,0,0,0,0,0,0,0,0,0,9,0,0,0,0,0,0,0,0,0,0,0,0,0,0,0,0,0,0,0,0,0,0,0,0,0,0,0,0,0,0,0,0,0,0,0,0,0,0,0,0,0,0,0,0,0,0,0,0,0,0,0,0,2691,44,1941,706,113.4,0,1.25
2020-07-19,14,1.33,0.96,0,0,0,1094,0,0,0,0,0,0,0,0,0,0,0,0,0,0,0,0,0,0,0,0,0,0,0,0,2,0,0,0,0,0,0,0,0,0,0,0,0,0,0,0,0,0,0,0,0,0,0,0,0,0,0,0,0,0,0,0,0,0,0,0,0,0,0,0,0,0,0,0,0,0,0,0,0,0,0,0,0,2705,44,1943,718,109.4,0,1.27
2020-07-20,13,1.19,1.03,0,0,0,1030,0,0,0,0,0,0,0,0,0,0,0,0,0,0,0,0,0,0,0,0,0,0,0,0,0,0,0,0,0,0,0,0,0,0,0,0,0,0,0,0,0,0,0,0,0,0,0,0,0,0,0,0,0,0,0,0,0,0,0,0,0,0,0,0,0,0,0,0,0,0,0,0,0,0,0,0,0,2718,44,1943,731,103.0,0,1.29
2020-07-21,11,1.08,1.12,0,0,0,981,0,0,0,0,0,0,0,0,0,0,0,0,0,0,0,0,0,0,0,0,0,0,0,0,340,0,0,0,0,0,0,0,0,0,0,0,0,0,0,0,0,0,0,0,0,0,0,0,0,0,0,0,0,0,0,0,0,0,0,0,0,0,0,0,0,0,0,0,0,0,0,0,0,0,0,0,0,2729,44,2283,402,98.1,0,1.3
2020-07-22,7,0.82,1.05,0,0,0,975,0,0,0,0,0,0,0,0,0,0,0,0,0,0,0,0,0,0,0,0,0,0,0,0,9,0,0,0,0,0,0,0,0,0,0,0,0,0,0,0,0,0,0,0,0,0,0,0,0,0,0,0,0,0,0,0,0,0,0,0,0,0,0,0,0,0,0,0,0,0,0,0,0,0,0,0,0,2736,44,2292,400,97.5,0,1.28
2020-07-23,10,0.72,1.0,0,0,0,1272,0,0,0,0,0,0,0,0,0,0,0,0,0,0,0,0,0,0,0,0,0,0,0,0,11,0,0,0,0,0,0,0,0,0,0,0,0,0,0,0,0,0,0,0,0,0,0,0,0,0,0,0,0,0,0,0,0,0,0,0,0,0,0,0,0,0,0,0,0,0,0,0,0,0,0,0,0,2746,44,2303,399,127.2,0,1.26
2020-07-24,13,0.73,0.98,0,0,0,1396,0,0,0,0,0,0,0,0,0,0,0,0,0,0,0,0,0,0,0,0,0,0,0,0,10,0,0,0,0,0,0,0,0,0,0,0,0,0,0,0,0,0,0,0,0,0,0,0,0,0,0,0,0,0,0,0,0,0,0,0,0,0,0,0,0,0,0,0,0,0,0,0,0,0,0,0,0,2759,44,2313,402,139.6,0,1.24
2020-07-25,16,0.87,0.98,0,0,0,1371,0,0,0,0,0,0,0,0,0,0,0,0,0,0,0,0,0,0,0,0,0,0,0,0,6,0,0,0,0,0,0,0,0,0,0,0,0,0,0,0,0,0,0,0,0,0,0,0,0,0,0,0,0,0,0,0,0,0,0,0,0,0,0,0,0,0,0,0,0,0,0,0,0,0,0,0,0,2775,44,2319,412,137.1,0,1.22
2020-07-26,15,1.2,0.94,0,0,0,1180,0,0,0,0,0,0,0,0,0,0,0,0,0,0,0,0,0,0,0,0,0,0,0,0,3,0,0,0,0,0,0,0,0,0,0,0,0,0,0,0,0,0,0,0,0,0,0,0,0,0,0,0,0,0,0,0,0,0,0,0,0,0,0,0,0,0,0,0,0,0,0,0,0,0,0,0,0,2790,44,2322,424,118.0,0,1.24
2020-07-27,15,1.44,0.96,0,0,0,1084,0,0,0,0,0,0,0,0,0,0,0,0,0,0,0,0,0,0,0,0,0,0,0,0,0,2,0,0,0,0,0,0,0,0,0,0,0,0,0,0,0,0,0,0,0,0,0,0,0,0,0,0,0,0,0,0,0,0,0,0,0,0,0,0,0,0,0,0,0,0,0,0,0,0,0,0,0,2805,46,2322,437,108.4,0,1.25
2020-07-28,16,1.51,0.99,0,0,0,1124,0,0,0,0,0,0,0,0,0,0,0,0,0,0,0,0,0,0,0,0,0,0,0,0,15,0,0,0,0,0,0,0,0,0,0,0,0,0,0,0,0,0,0,0,0,0,0,0,0,0,0,0,0,0,0,0,0,0,0,0,0,0,0,0,0,0,0,0,0,0,0,0,0,0,0,0,0,2821,46,2337,438,112.4,0,1.27
2020-07-29,14,1.3,1.13,0,0,0,1285,0,0,0,0,0,0,0,0,0,0,0,0,0,0,0,0,0,0,0,0,0,0,0,0,11,1,0,0,0,0,0,0,0,0,0,0,0,0,0,0,0,0,0,0,0,0,0,0,0,0,0,0,0,0,0,0,0,0,0,0,0,0,0,0,0,0,0,0,0,0,0,0,0,0,0,0,0,2835,47,2348,440,128.5,0,1.29
2020-07-30,19,1.19,1.29,0,0,0,191,0,0,0,0,0,0,0,0,0,0,0,0,0,0,0,0,0,0,0,0,0,0,0,0,12,0,0,0,0,0,0,0,0,0,0,0,0,0,0,0,0,0,0,0,0,0,0,0,0,0,0,0,0,0,0,0,0,0,0,0,0,0,0,0,0,0,0,0,0,0,0,0,0,0,0,0,0,2854,47,2360,447,19.1,0,1.3
2020-07-31,21,1.19,1.4,0,0,0,2208,0,0,0,0,0,0,0,0,0,0,0,0,0,0,0,0,0,0,0,0,0,0,0,0,15,2,0,0,0,0,0,0,0,0,0,0,0,0,0,0,0,0,0,0,0,0,0,0,0,0,0,0,0,0,0,0,0,0,0,0,0,0,0,0,0,0,0,0,0,0,0,0,0,0,0,0,0,2875,49,2375,451,220.8,0,1.32
2020-08-01,23,1.24,1.46,0,0,0,1410,0,0,0,0,0,0,0,0,0,0,0,0,0,0,0,0,0,0,0,0,0,0,0,0,8,0,0,0,0,0,0,0,0,0,0,0,0,0,0,0,0,0,0,0,0,0,0,0,0,0,0,0,0,0,0,0,0,0,0,0,0,0,0,0,0,0,0,0,0,0,0,0,0,0,0,0,0,2898,49,2383,466,141.0,0,1.33
2020-08-02,19,1.37,1.49,0,0,0,1292,0,0,0,0,0,0,0,0,0,0,0,0,0,0,0,0,0,0,0,0,0,0,0,0,1,1,0,0,0,0,0,0,0,0,0,0,0,0,0,0,0,0,0,0,0,0,0,0,0,0,0,0,0,0,0,0,0,0,0,0,0,0,0,0,0,0,0,0,0,0,0,0,0,0,0,0,0,2917,50,2384,483,129.2,0,1.35
2020-08-03,12,1.17,1.43,0,0,0,1335,0,0,0,0,0,0,0,0,0,0,0,0,0,0,0,0,0,0,0,0,0,0,0,0,0,0,0,0,0,0,0,0,0,0,0,0,0,0,0,0,0,0,0,0,0,0,0,0,0,0,0,0,0,0,0,0,0,0,0,0,0,0,0,0,0,0,0,0,0,0,0,0,0,0,0,0,0,2929,50,2384,495,133.5,0,1.37
2020-08-04,4,0.83,1.22,0,0,0,1275,0,0,0,0,0,0,0,0,0,0,0,0,0,0,0,0,0,0,0,0,0,0,0,0,8,1,0,0,0,0,0,0,0,0,0,0,0,0,0,0,0,0,0,0,0,0,0,0,0,0,0,0,0,0,0,0,0,0,0,0,0,0,0,0,0,0,0,0,0,0,0,0,0,0,0,0,0,2933,51,2392,490,127.5,0,1.34
2020-08-05,9,0.57,1.08,0,0,0,1283,0,0,0,0,0,0,0,0,0,0,0,0,0,0,0,0,0,0,0,0,0,0,0,0,4,0,0,0,0,0,0,0,0,0,0,0,0,0,0,0,0,0,0,0,0,0,0,0,0,0,0,0,0,0,0,0,0,0,0,0,0,0,0,0,0,0,0,0,0,0,0,0,0,0,0,0,0,2942,51,2396,495,128.3,0,1.32
2020-08-06,16,0.5,0.96,0,0,0,1291,0,0,0,0,0,0,0,0,0,0,0,0,0,0,0,0,0,0,0,0,0,0,0,0,7,2,0,0,0,0,0,0,0,0,0,0,0,0,0,0,0,0,0,0,0,0,0,0,0,0,0,0,0,0,0,0,0,0,0,0,0,0,0,0,0,0,0,0,0,0,0,0,0,0,0,0,0,2958,53,2403,502,129.1,0,1.3
2020-08-07,15,0.59,0.84,0,0,0,1289,0,0,0,0,0,0,0,0,0,0,0,0,0,0,0,0,0,0,0,0,0,0,0,0,8,0,0,0,0,0,0,0,0,0,0,0,0,0,0,0,0,0,0,0,0,0,0,0,0,0,0,0,0,0,0,0,0,0,0,0,0,0,0,0,0,0,0,0,0,0,0,0,0,0,0,0,0,2973,53,2411,509,128.9,0,1.28
2020-08-08,14,0.93,0.72,0,0,0,1468,0,0,0,0,0,0,0,0,0,0,0,0,0,0,0,0,0,0,0,0,0,0,0,0,6,0,0,0,0,0,0,0,0,0,0,0,0,0,0,0,0,0,0,0,0,0,0,0,0,0,0,0,0,0,0,0,0,0,0,0,0,0,0,0,0,0,0,0,0,0,0,0,0,0,0,0,0,2987,53,2417,517,146.8,0,1.26
2020-08-09,13,1.32,0.65,0,0,0,1463,0,0,0,0,0,0,0,0,0,0,0,0,0,0,0,0,0,0,0,0,0,0,0,0,0,1,0,0,0,0,0,0,0,0,0,0,0,0,0,0,0,0,0,0,0,0,0,0,0,0,0,0,0,0,0,0,0,0,0,0,0,0,0,0,0,0,0,0,0,0,0,0,0,0,0,0,0,3000,54,2417,529,146.3,0,1.28
2020-08-10,18,1.46,0.72,0,0,0,1431,0,0,0,0,0,0,0,0,0,0,0,0,0,0,0,0,0,0,0,0,0,0,0,0,0,1,0,0,0,0,0,0,0,0,0,0,0,0,0,0,0,0,0,0,0,0,0,0,0,0,0,0,0,0,0,0,0,0,0,0,0,0,0,0,0,0,0,0,0,0,0,0,0,0,0,0,0,3018,55,2417,546,143.1,0,1.29
2020-08-11,17,1.41,0.91,0,0,0,1274,0,0,0,0,0,0,0,0,0,0,0,0,0,0,0,0,0,0,0,0,0,0,0,0,13,0,0,0,0,0,0,0,0,0,0,0,0,0,0,0,0,0,0,0,0,0,0,0,0,0,0,0,0,0,0,0,0,0,0,0,0,0,0,0,0,0,0,0,0,0,0,0,0,0,0,0,0,3035,55,2430,550,127.4,0,1.31
2020-08-12,19,1.24,1.05,0,0,0,1242,0,0,0,0,0,0,0,0,0,0,0,0,0,0,0,0,0,0,0,0,0,0,0,0,10,1,0,0,0,0,0,0,0,0,0,0,0,0,0,0,0,0,0,0,0,0,0,0,0,0,0,0,0,0,0,0,0,0,0,0,0,0,0,0,0,0,0,0,0,0,0,0,0,0,0,0,0,3054,56,2440,558,124.2,0,1.32
2020-08-13,11,1.12,1.03,0,0,0,1271,0,0,0,0,0,0,0,0,0,0,0,0,0,0,0,0,0,0,0,0,0,0,0,0,4,0,0,0,0,0,0,0,0,0,0,0,0,0,0,0,0,0,0,0,0,0,0,0,0,0,0,0,0,0,0,0,0,0,0,0,0,0,0,0,0,0,0,0,0,0,0,0,0,0,0,0,0,3065,56,2444,565,127.1,0,1.34
2020-08-14,13,1.0,1.07,0,0,0,1395,0,0,0,0,0,0,0,0,0,0,0,0,0,0,0,0,0,0,0,0,0,0,0,0,6,2,0,0,0,0,0,0,0,0,0,0,0,0,0,0,0,0,0,0,0,0,0,0,0,0,0,0,0,0,0,0,0,0,0,0,0,0,0,0,0,0,0,0,0,0,0,0,0,0,0,0,0,3078,58,2450,570,139.5,0,1.35
2020-08-15,20,1.02,1.25,0,0,0,1409,0,0,0,0,0,0,0,0,0,0,0,0,0,0,0,0,0,0,0,0,0,0,0,0,19,0,0,0,0,0,0,0,0,0,0,0,0,0,0,0,0,0,0,0,0,0,0,0,0,0,0,0,0,0,0,0,0,0,0,0,0,0,0,0,0,0,0,0,0,0,0,0,0,0,0,0,0,3098,58,2469,571,140.9,0,1.37
2020-08-16,23,1.0,1.46,0,0,0,1113,0,0,0,0,0,0,0,0,0,0,0,0,0,0,0,0,0,0,0,0,0,0,0,0,0,1,0,0,0,0,0,0,0,0,0,0,0,0,0,0,0,0,0,0,0,0,0,0,0,0,0,0,0,0,0,0,0,0,0,0,0,0,0,0,0,0,0,0,0,0,0,0,0,0,0,0,0,3121,59,2469,593,111.3,0,1.38
2020-08-17,26,1.26,1.45,0,0,0,1153,0,0,0,0,0,0,0,0,0,0,0,0,0,0,0,0,0,0,0,0,0,0,0,0,0,0,0,0,0,0,0,0,0,0,0,0,0,0,0,0,0,0,0,0,0,0,0,0,0,0,0,0,0,0,0,0,0,0,0,0,0,0,0,0,0,0,0,0,0,0,0,0,0,0,0,0,0,3147,59,2469,619,115.3,0,1.4
2020-08-18,23,1.53,1.32,0,0,0,1099,0,0,0,0,0,0,0,0,0,0,0,0,0,0,0,0,0,0,0,0,0,0,0,0,41,2,0,0,0,0,0,0,0,0,0,0,0,0,0,0,0,0,0,0,0,0,0,0,0,0,0,0,0,0,0,0,0,0,0,0,0,0,0,0,0,0,0,0,0,0,0,0,0,0,0,0,0,3170,61,2510,599,109.9,0,1.41
2020-08-19,9,1.29,1.12,0,0,0,1264,0,0,0,0,0,0,0,0,0,0,0,0,0,0,0,0,0,0,0,0,0,0,0,0,69,0,0,0,0,0,0,0,0,0,0,0,0,0,0,0,0,0,0,0,0,0,0,0,0,0,0,0,0,0,0,0,0,0,0,0,0,0,0,0,0,0,0,0,0,0,0,0,0,0,0,0,0,3179,61,2579,539,126.4,0,1.43
2020-08-20,15,1.09,1.21,0,0,0,1201,0,0,0,0,0,0,0,0,0,0,0,0,0,0,0,0,0,0,0,0,0,0,0,0,6,1,0,0,0,0,0,0,0,0,0,0,0,0,0,0,0,0,0,0,0,0,0,0,0,0,0,0,0,0,0,0,0,0,0,0,0,0,0,0,0,0,0,0,0,0,0,0,0,0,0,0,0,3194,62,2585,547,120.1,0,1.44
2020-08-21,18,0.79,1.28,0,0,0,1229,0,0,0,0,0,0,0,0,0,0,0,0,0,0,0,0,0,0,0,0,0,0,0,0,11,0,0,0,0,0,0,0,0,0,0,0,0,0,0,0,0,0,0,0,0,0,0,0,0,0,0,0,0,0,0,0,0,0,0,0,0,0,0,0,0,0,0,0,0,0,0,0,0,0,0,0,0,3212,62,2596,554,122.9,0,1.42
2020-08-22,18,0.65,1.19,0,0,0,1493,0,0,0,0,0,0,0,0,0,0,0,0,0,0,0,0,0,0,0,0,0,0,0,0,5,0,0,0,0,0,0,0,0,0,0,0,0,0,0,0,0,0,0,0,0,0,0,0,0,0,0,0,0,0,0,0,0,0,0,0,0,0,0,0,0,0,0,0,0,0,0,0,0,0,0,0,0,3230,62,2601,567,149.3,0,1.4
2020-08-23,30,1.0,1.15,0,0,0,1552,0,0,0,0,0,0,0,0,0,0,0,0,0,0,0,0,0,0,0,0,0,0,0,0,29,2,0,0,0,0,0,0,0,0,0,0,0,0,0,0,0,0,0,0,0,0,0,0,0,0,0,0,0,0,0,0,0,0,0,0,0,0,0,0,0,0,0,0,0,0,0,0,0,0,0,0,0,3260,64,2630,566,155.2,0,1.41
2020-08-24,23,1.22,1.05,0,0,0,1359,0,0,0,0,0,0,0,0,0,0,0,0,0,0,0,0,0,0,0,0,0,0,0,0,0,1,0,0,0,0,0,0,0,0,0,0,0,0,0,0,0,0,0,0,0,0,0,0,0,0,0,0,0,0,0,0,0,0,0,0,0,0,0,0,0,0,0,0,0,0,0,0,0,0,0,0,0,3283,65,2630,588,135.9,0,1.43
2020-08-25,21,1.42,0.99,0,0,0,1470,0,0,0,0,0,0,0,0,0,0,0,0,0,0,0,0,0,0,0,0,0,0,0,0,72,0,0,0,0,0,0,0,0,0,0,0,0,0,0,0,0,0,0,0,0,0,0,0,0,0,0,0,0,0,0,0,0,0,0,0,0,0,0,0,0,0,0,0,0,0,0,0,0,0,0,0,0,3304,65,2702,537,147.0,0,1.44
2020-08-26,26,1.67,1.21,0,0,0,1308,0,0,0,0,0,0,0,0,0,0,0,0,0,0,0,0,0,0,0,0,0,0,0,0,15,1,0,0,0,0,0,0,0,0,0,0,0,0,0,0,0,0,0,0,0,0,0,0,0,0,0,0,0,0,0,0,0,0,0,0,0,0,0,0,0,0,0,0,0,0,0,0,0,0,0,0,0,3330,66,2717,547,130.8,0,1.46
2020-08-27,18,1.09,1.19,0,0,0,1639,0,0,0,0,0,0,0,0,0,0,0,0,0,0,0,0,0,0,0,0,0,0,0,0,47,0,0,0,0,0,0,0,0,0,0,0,0,0,0,0,0,0,0,0,0,0,0,0,0,0,0,0,0,0,0,0,0,0,0,0,0,0,0,0,0,0,0,0,0,0,0,0,0,0,0,0,0,3348,66,2764,518,163.9,0,1.47
2020-08-28,21,0.97,1.17,0,0,0,1781,0,0,0,0,0,0,0,0,0,0,0,0,0,0,0,0,0,0,0,0,0,0,0,0,33,1,0,0,0,0,0,0,0,0,0,0,0,0,0,0,0,0,0,0,0,0,0,0,0,0,0,0,0,0,0,0,0,0,0,0,0,0,0,0,0,0,0,0,0,0,0,0,0,0,0,0,0,3369,67,2797,505,178.1,0,1.45
2020-08-29,24,0.97,1.23,0,0,0,1587,0,0,0,0,0,0,0,0,0,0,0,0,0,0,0,0,0,0,0,0,0,0,0,0,2,0,0,0,0,0,0,0,0,0,0,0,0,0,0,0,0,0,0,0,0,0,0,0,0,0,0,0,0,0,0,0,0,0,0,0,0,0,0,0,0,0,0,0,0,0,0,0,0,0,0,0,0,3393,67,2799,527,158.7,0,1.43
2020-08-30,22,0.85,1.12,0,0,0,1525,0,0,0,0,0,0,0,0,0,0,0,0,0,0,0,0,0,0,0,0,0,0,0,0,0,1,0,0,0,0,0,0,0,0,0,0,0,0,0,0,0,0,0,0,0,0,0,0,0,0,0,0,0,0,0,0,0,0,0,0,0,0,0,0,0,0,0,0,0,0,0,0,0,0,0,0,0,3415,68,2799,548,152.5,0,1.41
2020-08-31,15,0.93,1.08,0,0,0,1190,0,0,0,0,0,0,0,0,0,0,0,0,0,0,0,0,0,0,0,0,0,0,0,0,0,2,0,0,0,0,0,0,0,0,0,0,0,0,0,0,0,0,0,0,0,0,0,0,0,0,0,0,0,0,0,0,0,0,0,0,0,0,0,0,0,0,0,0,0,0,0,0,0,0,0,0,0,3430,70,2799,561,119.0,0,1.39
2020-09-01,16,0.9,1.06,0,0,0,1349,0,0,0,0,0,0,0,0,0,0,0,0,0,0,0,0,0,0,0,0,0,0,0,0,53,0,0,0,0,0,0,0,0,0,0,0,0,0,0,0,0,0,0,0,0,0,0,0,0,0,0,0,0,0,0,0,0,0,0,0,0,0,0,0,0,0,0,0,0,0,0,0,0,0,0,0,0,3446,70,2852,524,134.9,0,1.37
2020-09-02,17,0.79,0.88,0,0,0,1504,0,0,0,0,0,0,0,0,0,0,0,0,0,0,0,0,0,0,0,0,0,0,0,0,6,0,0,0,0,0,0,0,0,0,0,0,0,0,0,0,0,0,0,0,0,0,0,0,0,0,0,0,0,0,0,0,0,0,0,0,0,0,0,0,0,0,0,0,0,0,0,0,0,0,0,0,0,3463,70,2858,535,150.4,0,1.36
2020-09-03,20,0.8,0.88,0,0,0,1700,0,0,0,0,0,0,0,0,0,0,0,0,0,0,0,0,0,0,0,0,0,0,0,0,15,2,0,0,0,0,0,0,0,0,0,0,0,0,0,0,0,0,0,0,0,0,0,0,0,0,0,0,0,0,0,0,0,0,0,0,0,0,0,0,0,0,0,0,0,0,0,0,0,0,0,0,0,3483,72,2873,538,170.0,0,1.34
2020-09-04,19,0.88,0.85,0,0,0,1781,0,0,0,0,0,0,0,0,0,0,0,0,0,0,0,0,0,0,0,0,0,0,0,0,20,0,0,0,0,0,0,0,0,0,0,0,0,0,0,0,0,0,0,0,0,0,0,0,0,0,0,0,0,0,0,0,0,0,0,0,0,0,0,0,0,0,0,0,0,0,0,0,0,0,0,0,0,3502,72,2893,537,178.1,0,1.32
2020-09-05,21,1.0,0.8,0,0,0,1846,0,0,0,0,0,0,0,0,0,0,0,0,0,0,0,0,0,0,0,0,0,0,0,0,0,0,0,0,0,0,0,0,0,0,0,0,0,0,0,0,0,0,0,0,0,0,0,0,0,0,0,0,0,0,0,0,0,0,0,0,0,0,0,0,0,0,0,0,0,0,0,0,0,0,0,0,0,3523,72,2893,558,184.6,0,1.33
2020-09-06,20,1.14,0.83,0,0,0,1621,0,0,0,0,0,0,0,0,0,0,0,0,0,0,0,0,0,0,0,0,0,0,0,0,0,0,0,0,0,0,0,0,0,0,0,0,0,0,0,0,0,0,0,0,0,0,0,0,0,0,0,0,0,0,0,0,0,0,0,0,0,0,0,0,0,0,0,0,0,0,0,0,0,0,0,0,0,3543,72,2893,578,162.1,0,1.35
2020-09-07,25,1.25,0.94,0,0,0,1414,0,0,0,0,0,0,0,0,0,0,0,0,0,0,0,0,0,0,0,0,0,0,0,0,0,0,0,0,0,0,0,0,0,0,0,0,0,0,0,0,0,0,0,0,0,0,0,0,0,0,0,0,0,0,0,0,0,0,0,0,0,0,0,0,0,0,0,0,0,0,0,0,0,0,0,0,0,3568,72,2893,603,141.4,0,1.36
2020-09-08,28,1.31,1.06,0,0,0,1393,0,0,0,0,0,0,0,0,0,0,0,0,0,0,0,0,0,0,0,0,0,0,0,0,63,1,0,0,0,0,0,0,0,0,0,0,0,0,0,0,0,0,0,0,0,0,0,0,0,0,0,0,0,0,0,0,0,0,0,0,0,0,0,0,0,0,0,0,0,0,0,0,0,0,0,0,0,3596,73,2956,567,139.3,0,1.37
2020-09-09,30,1.34,1.23,0,0,0,1550,0,0,0,0,0,0,0,0,0,0,0,0,0,0,0,0,0,0,0,0,0,0,0,0,24,0,0,0,0,0,0,0,0,0,0,0,0,0,0,0,0,0,0,0,0,0,0,0,0,0,0,0,0,0,0,0,0,0,0,0,0,0,0,0,0,0,0,0,0,0,0,0,0,0,0,0,0,3626,73,2980,573,155.0,0,1.38
2020-09-10,29,1.4,1.27,0,0,0,1779,0,0,0,0,0,0,0,0,0,0,0,0,0,0,0,0,0,0,0,0,0,0,0,0,4,0,0,0,0,0,0,0,0,0,0,0,0,0,0,0,0,0,0,0,0,0,0,0,0,0,0,0,0,0,0,0,0,0,0,0,0,0,0,0,0,0,0,0,0,0,0,0,0,0,0,0,0,3655,73,2984,598,177.9,0,1.4
2020-09-11,30,1.38,1.38,0,0,0,2026,0,0,0,0,0,0,0,0,0,0,0,0,0,0,0,0,0,0,0,0,0,0,0,0,1,1,0,0,0,0,0,0,0,0,0,0,0,0,0,0,0,0,0,0,0,0,0,0,0,0,0,0,0,0,0,0,0,0,0,0,0,0,0,0,0,0,0,0,0,0,0,0,0,0,0,0,0,3685,74,2985,626,202.6,0,1.41
2020-09-12,27,1.23,1.45,0,0,0,1885,0,0,0,0,0,0,0,0,0,0,0,0,0,0,0,0,0,0,0,0,0,0,0,0,4,0,0,0,0,0,0,0,0,0,0,0,0,0,0,0,0,0,0,0,0,0,0,0,0,0,0,0,0,0,0,0,0,0,0,0,0,0,0,0,0,0,0,0,0,0,0,0,0,0,0,0,0,3712,74,2989,649,188.5,0,1.42
2020-09-13,32,1.15,1.57,0,0,0,1898,0,0,0,0,0,0,0,0,0,0,0,0,0,0,0,0,0,0,0,0,0,0,0,0,0,1,0,0,0,0,0,0,0,0,0,0,0,0,0,0,0,0,0,0,0,0,0,0,0,0,0,0,0,0,0,0,0,0,0,0,0,0,0,0,0,0,0,0,0,0,0,0,0,0,0,0,0,3744,75,2989,680,189.8,0,1.44
2020-09-14,31,1.07,1.5,0,0,0,1654,0,0,0,0,0,0,0,0,0,0,0,0,0,0,0,0,0,0,0,0,0,0,0,0,0,0,0,0,0,0,0,0,0,0,0,0,0,0,0,0,0,0,0,0,0,0,0,0,0,0,0,0,0,0,0,0,0,0,0,0,0,0,0,0,0,0,0,0,0,0,0,0,0,0,0,0,0,3775,75,2989,711,165.4,0,1.45
2020-09-15,35,1.07,1.43,0,0,0,1637,0,0,0,0,0,0,0,0,0,0,0,0,0,0,0,0,0,0,0,0,0,0,0,0,39,0,0,0,0,0,0,0,0,0,0,0,0,0,0,0,0,0,0,0,0,0,0,0,0,0,0,0,0,0,0,0,0,0,0,0,0,0,0,0,0,0,0,0,0,0,0,0,0,0,0,0,0,3810,75,3028,707,163.7,0,1.46
2020-09-16,32,1.12,1.33,0,0,0,1579,0,0,0,0,0,0,0,0,0,0,0,0,0,0,0,0,0,0,0,0,0,0,0,0,10,2,0,0,0,0,0,0,0,0,0,0,0,0,0,0,0,0,0,0,0,0,0,0,0,0,0,0,0,0,0,0,0,0,0,0,0,0,0,0,0,0,0,0,0,0,0,0,0,0,0,0,0,3842,77,3038,727,157.9,0,1.47
2020-09-17,33,1.11,1.28,0,0,0,1991,0,0,0,0,0,0,0,0,0,0,0,0,0,0,0,0,0,0,0,0,0,0,0,0,44,0,0,0,0,0,0,0,0,0,0,0,0,0,0,0,0,0,0,0,0,0,0,0,0,0,0,0,0,0,0,0,0,0,0,0,0,0,0,0,0,0,0,0,0,0,0,0,0,0,0,0,0,3875,77,3082,716,199.1,0,1.49
2020-09-18,31,1.09,1.21,0,0,0,2057,0,0,0,0,0,0,0,0,0,0,0,0,0,0,0,0,0,0,0,0,0,0,0,0,38,0,0,0,0,0,0,0,0,0,0,0,0,0,0,0,0,0,0,0,0,0,0,0,0,0,0,0,0,0,0,0,0,0,0,0,0,0,0,0,0,0,0,0,0,0,0,0,0,0,0,0,0,3906,77,3120,709,205.7,0,1.5
2020-09-19,35,1.05,1.21,0,0,0,1911,0,0,0,0,0,0,0,0,0,0,0,0,0,0,0,0,0,0,0,0,0,0,0,0,3,0,0,0,0,0,0,0,0,0,0,0,0,0,0,0,0,0,0,0,0,0,0,0,0,0,0,0,0,0,0,0,0,0,0,0,0,0,0,0,0,0,0,0,0,0,0,0,0,0,0,0,0,3941,77,3123,741,191.1,0,1.51
2020-09-20,34,1.02,1.15,0,0,0,1539,0,0,0,0,0,0,0,0,0,0,0,0,0,0,0,0,0,0,0,0,0,0,0,0,2,2,0,0,0,0,0,0,0,0,0,0,0,0,0,0,0,0,0,0,0,0,0,0,0,0,0,0,0,0,0,0,0,0,0,0,0,0,0,0,0,0,0,0,0,0,0,0,0,0,0,0,0,3975,79,3125,771,153.9,0,1.53
2020-09-21,32,1.01,1.12,0,0,0,1405,0,0,0,0,0,0,0,0,0,0,0,0,0,0,0,0,0,0,0,0,0,0,0,0,3,0,0,0,0,0,0,0,0,0,0,0,0,0,0,0,0,0,0,0,0,0,0,0,0,0,0,0,0,0,0,0,0,0,0,0,0,0,0,0,0,0,0,0,0,0,0,0,0,0,0,0,0,4007,79,3128,800,140.5,0,1.54
2020-09-22,34,1.03,1.08,0,0,0,1661,0,0,0,0,0,0,0,0,0,0,0,0,0,0,0,0,0,0,0,0,0,0,0,0,36,1,0,0,0,0,0,0,0,0,0,0,0,0,0,0,0,0,0,0,0,0,0,0,0,0,0,0,0,0,0,0,0,0,0,0,0,0,0,0,0,0,0,0,0,0,0,0,0,0,0,0,0,4041,80,3164,797,166.1,0,1.55
2020-09-23,38,1.05,1.1,0,0,0,1737,0,0,0,0,0,0,0,0,0,0,0,0,0,0,0,0,0,0,0,0,0,0,0,0,14,0,0,0,0,0,0,0,0,0,0,0,0,0,0,0,0,0,0,0,0,0,0,0,0,0,0,0,0,0,0,0,0,0,0,0,0,0,0,0,0,0,0,0,0,0,0,0,0,0,0,0,0,4079,80,3178,821,173.7,0,1.56
2020-09-24,39,1.08,1.1,0,0,0,1946,0,0,0,0,0,0,0,0,0,0,0,0,0,0,0,0,0,0,0,0,0,0,0,0,6,0,0,0,0,0,0,0,0,0,0,0,0,0,0,0,0,0,0,0,0,0,0,0,0,0,0,0,0,0,0,0,0,0,0,0,0,0,0,0,0,0,0,0,0,0,0,0,0,0,0,0,0,4118,80,3184,854,194.6,0,1.58
2020-09-25,38,1.13,1.13,0,0,0,1747,0,0,0,0,0,0,0,0,0,0,0,0,0,0,0,0,0,0,0,0,0,0,0,0,1,2,0,0,0,0,0,0,0,0,0,0,0,0,0,0,0,0,0,0,0,0,0,0,0,0,0,0,0,0,0,0,0,0,0,0,0,0,0,0,0,0,0,0,0,0,0,0,0,0,0,0,0,4156,82,3185,889,174.7,0,1.59
2020-09-26,38,1.13,1.1,0,0,0,1893,0,0,0,0,0,0,0,0,0,0,0,0,0,0,0,0,0,0,0,0,0,0,0,0,47,0,0,0,0,0,0,0,0,0,0,0,0,0,0,0,0,0,0,0,0,0,0,0,0,0,0,0,0,0,0,0,0,0,0,0,0,0,0,0,0,0,0,0,0,0,0,0,0,0,0,0,0,4194,82,3232,880,189.3,0,1.6
2020-09-27,37,1.1,1.11,0,0,0,1797,0,0,0,0,0,0,0,0,0,0,0,0,0,0,0,0,0,0,0,0,0,0,0,0,3,0,0,0,0,0,0,0,0,0,0,0,0,0,0,0,0,0,0,0,0,0,0,0,0,0,0,0,0,0,0,0,0,0,0,0,0,0,0,0,0,0,0,0,0,0,0,0,0,0,0,0,0,4231,82,3235,914,179.7,0,1.62
2020-09-28,50,1.14,1.18,0,0,0,1749,0,0,0,0,0,0,0,0,0,0,0,0,0,0,0,0,0,0,0,0,0,0,0,0,4,1,0,0,0,0,0,0,0,0,0,0,0,0,0,0,0,0,0,0,0,0,0,0,0,0,0,0,0,0,0,0,0,0,0,0,0,0,0,0,0,0,0,0,0,0,0,0,0,0,0,0,0,4281,83,3239,959,174.9,0,1.63
2020-09-29,52,1.19,1.26,0,0,0,1749,0,0,0,0,0,0,0,0,0,0,0,0,0,0,0,0,0,0,0,0,0,0,0,0,42,0,0,0,0,0,0,0,0,0,0,0,0,0,0,0,0,0,0,0,0,0,0,0,0,0,0,0,0,0,0,0,0,0,0,0,0,0,0,0,0,0,0,0,0,0,0,0,0,0,0,0,0,4333,83,3281,969,174.9,0,1.64
2020-09-30,54,1.26,1.3,0,0,0,2019,0,0,0,0,0,0,0,0,0,0,0,0,0,0,0,0,0,0,0,0,0,0,0,0,36,0,0,0,0,0,0,0,0,0,0,0,0,0,0,0,0,0,0,0,0,0,0,0,0,0,0,42,0,0,0,0,0,0,0,0,0,0,0,0,0,0,0,0,0,0,0,0,0,0,0,0,0,4387,83,3317,987,201.9,0,1.65
2020-10-01,59,1.41,1.35,0,0,0,1796,0,0,0,0,0,0,0,0,0,0,0,0,0,0,0,0,0,0,0,0,0,0,0,0,23,2,0,0,0,0,0,0,0,0,0,0,0,0,0,0,0,0,0,0,0,0,0,0,0,0,0,0,0,0,0,0,0,0,0,0,0,0,0,0,0,0,0,0,0,0,0,0,0,0,0,0,0,4446,85,3340,1021,179.6,0,1.67
2020-10-02,60,1.38,1.4,0,0,0,1776,0,0,0,0,0,0,0,0,0,0,0,0,0,0,0,0,0,0,0,0,0,0,0,0,36,0,0,0,0,0,0,0,0,0,0,0,0,0,0,0,0,0,0,0,0,0,0,0,0,0,0,0,0,0,0,0,0,0,0,0,0,0,0,0,0,0,0,0,0,0,0,0,0,0,0,0,0,4506,85,3376,1045,177.6,0,1.68
2020-10-03,64,1.34,1.49,0,0,0,1989,0,0,0,0,0,0,0,0,0,0,0,0,0,0,0,0,0,0,0,0,0,0,0,0,50,0,0,0,0,0,0,0,0,0,0,0,0,0,0,0,0,0,0,0,0,0,0,0,0,0,0,0,0,0,0,0,0,0,0,0,0,0,0,0,0,0,0,0,0,0,0,0,0,0,0,0,0,4570,85,3426,1059,198.9,0,1.69
2020-10-04,65,1.28,1.58,0,0,0,1884,0,0,0,0,0,0,0,0,0,0,0,0,0,0,0,0,0,0,0,0,0,0,0,0,9,2,0,0,0,0,0,0,0,0,0,0,0,0,0,0,0,0,0,0,0,0,0,0,0,0,0,0,0,0,0,0,0,0,0,0,0,0,0,0,0,0,0,0,0,0,0,0,0,0,0,0,0,4635,87,3435,1113,188.4,0,1.71
2020-10-05,76,1.23,1.57,0,0,0,1734,0,0,0,0,0,0,0,0,0,0,0,0,0,0,0,0,0,0,0,0,0,0,0,0,6,1,0,0,0,0,0,0,0,0,0,0,0,0,0,0,0,0,0,0,0,0,0,0,0,0,0,0,0,0,0,0,0,0,0,0,0,0,0,0,0,0,0,0,0,0,0,0,0,0,0,0,0,4711,88,3441,1182,173.4,0,1.72
2020-10-06,65,1.2,1.52,0,0,0,1838,0,0,0,0,0,0,0,0,0,0,0,0,0,0,0,0,0,0,0,0,0,0,0,0,17,0,0,0,0,0,0,0,0,0,0,0,0,0,0,0,0,0,0,0,0,0,0,0,0,0,0,0,0,0,0,0,0,0,0,0,0,0,0,0,0,0,0,0,0,0,0,0,0,0,0,0,0,4776,88,3458,1230,183.8,0,1.73
2020-10-07,64,1.14,1.47,0,0,0,1901,0,0,0,0,0,0,0,0,0,0,0,0,0,0,0,0,0,0,0,0,0,0,0,0,40,0,0,0,0,0,0,0,0,0,0,0,0,0,0,0,0,0,0,0,0,0,0,0,0,0,0,0,0,0,0,0,0,0,0,0,0,0,0,0,0,0,0,0,0,0,0,0,0,0,0,0,0,4840,88,3498,1254,190.1,0,1.74
2020-10-08,63,1.08,1.39,0,0,0,1896,0,0,0,0,0,0,0,0,0,0,0,0,0,0,0,0,0,0,0,0,0,0,0,0,5,2,0,0,0,0,0,0,0,0,0,0,0,0,0,0,0,0,0,0,0,0,0,0,0,0,0,0,0,0,0,0,0,0,0,0,0,0,0,0,0,0,0,0,0,0,0,0,0,0,0,0,0,4903,90,3503,1310,189.6,0,1.76
2020-10-09,67,0.98,1.33,0,0,0,2233,0,0,0,0,0,0,0,0,0,0,0,0,0,0,0,0,0,0,0,0,0,0,0,0,23,0,0,0,0,0,0,0,0,0,0,0,0,0,0,0,0,0,0,0,0,0,0,0,0,0,0,0,0,0,0,0,0,0,0,0,0,0,0,0,0,0,0,0,0,0,0,0,0,0,0,0,0,4970,90,3526,1354,223.3,0,1.73
2020-10-10,68,0.97,1.24,0,0,0,2199,0,0,0,0,0,0,0,0,0,0,0,0,0,0,0,0,0,0,0,0,0,0,0,0,9,0,0,0,0,0,0,0,0,0,0,0,0,0,0,0,0,0,0,0,0,0,0,0,0,0,0,0,0,0,0,0,0,0,0,0,0,0,0,0,0,0,0,0,0,0,0,0,0,0,0,0,0,5038,90,3535,1413,219.9,0,1.71
2020-10-11,72,1.0,1.18,0,0,0,2105,0,0,0,0,0,0,0,0,0,0,0,0,0,0,0,0,0,0,0,0,0,0,0,0,36,0,0,0,0,0,0,0,0,0,0,0,0,0,0,0,0,0,0,0,0,0,0,0,0,0,0,0,0,0,0,0,0,0,0,0,0,0,0,0,0,0,0,0,0,0,0,0,0,0,0,0,0,5110,90,3571,1449,210.5,0,1.72
2020-10-12,75,1.05,1.1,0,0,0,2825,0,0,0,0,0,0,0,0,0,0,0,0,0,0,0,0,0,0,0,0,0,0,0,0,84,2,0,0,0,0,0,0,0,0,0,0,0,0,0,0,0,0,0,0,0,0,0,0,0,0,0,0,0,0,0,0,0,0,0,0,0,0,0,0,0,0,0,0,0,0,0,0,0,0,0,0,0,5185,92,3655,1438,282.5,0,1.74
2020-10-13,79,1.14,1.1,0,0,0,2081,0,0,0,0,0,0,0,0,0,0,0,0,0,0,0,0,0,0,0,0,0,0,0,0,31,0,0,0,0,0,0,0,0,0,0,0,0,0,0,0,0,0,0,0,0,0,0,0,0,0,0,0,0,0,0,0,0,0,0,0,0,0,0,0,0,0,0,0,0,0,0,0,0,0,0,0,0,5264,92,3686,1486,208.1,0,1.75
2020-10-14,80,1.17,1.11,0,0,0,2369,0,0,0,0,0,0,0,0,0,0,0,0,0,0,0,0,0,0,0,0,0,0,0,0,21,0,0,0,0,0,0,0,0,0,0,0,0,0,0,0,0,0,0,0,0,0,0,0,0,0,0,0,0,0,0,0,0,0,0,0,0,0,0,0,0,0,0,0,0,0,0,0,0,0,0,0,0,5344,92,3707,1545,236.9,0,1.76
2020-10-15,78,1.16,1.14,0,0,0,1991,0,0,0,0,0,0,0,0,0,0,0,0,0,0,0,0,0,0,0,0,0,0,0,0,46,0,0,0,0,0,0,0,0,0,0,0,0,0,0,0,0,0,0,0,0,0,0,0,0,0,0,0,0,0,0,0,0,0,0,0,0,0,0,0,0,0,0,0,0,0,0,0,0,0,0,0,0,5422,92,3753,1577,199.1,0,1.78
2020-10-16,73,1.1,1.13,0,0,0,2517,0,0,0,0,0,0,0,0,0,0,0,0,0,0,0,0,0,0,0,0,0,0,0,0,140,0,0,0,0,0,0,0,0,0,0,0,0,0,0,0,0,0,0,0,0,0,0,0,0,0,0,0,0,0,0,0,0,0,0,0,0,0,0,0,0,0,0,0,0,0,0,0,0,0,0,0,0,5495,92,3893,1510,251.7,0,1.79
2020-10-17,79,1.05,1.15,0,0,0,2414,0,0,0,0,0,0,0,0,0,0,0,0,0,0,0,0,0,0,0,0,0,0,0,0,52,2,0,0,0,0,0,0,0,0,0,0,0,0,0,0,0,0,0,0,0,0,0,0,0,0,0,0,0,0,0,0,0,0,0,0,0,0,0,0,0,0,0,0,0,0,0,0,0,0,0,0,0,5574,94,3945,1535,241.4,0,1.8
2020-10-18,78,1.01,1.14,0,0,0,2176,0,0,0,0,0,0,0,0,0,0,0,0,0,0,0,0,0,0,0,0,0,0,0,0,4,0,0,0,0,0,0,0,0,0,0,0,0,0,0,0,0,0,0,0,0,0,0,0,0,0,0,0,0,0,0,0,0,0,0,0,0,0,0,0,0,0,0,0,0,0,0,0,0,0,0,0,0,5652,94,3949,1609,217.6,0,1.81
2020-10-19,80,0.99,1.15,0,0,0,2001,0,0,0,0,0,0,0,0,0,0,0,0,0,0,0,0,0,0,0,0,0,0,0,0,0,0,0,0,0,0,0,0,0,0,0,0,0,0,0,0,0,0,0,0,0,0,0,0,0,0,0,0,0,0,0,0,0,0,0,0,0,0,0,0,0,0,0,0,0,0,0,0,0,0,0,0,0,5732,94,3949,1689,200.1,0,1.79
2020-10-20,100,1.09,1.16,0,0,0,2129,0,0,0,0,0,0,0,0,0,0,0,0,0,0,0,0,0,0,0,0,0,0,0,0,56,0,0,0,0,0,0,0,0,0,0,0,0,0,0,0,0,0,0,0,0,0,0,0,0,0,0,0,0,0,0,0,0,0,0,0,0,0,0,0,0,0,0,0,0,0,0,0,0,0,0,0,0,5832,94,4005,1733,212.9,0,1.8
2020-10-21,79,1.09,1.13,0,0,0,2139,0,0,0,0,0,0,0,0,0,0,0,0,0,0,0,0,0,0,0,0,0,0,0,0,83,0,0,0,0,0,0,0,0,0,0,0,0,0,0,0,0,0,0,0,0,0,0,0,0,0,0,0,0,0,0,0,0,0,0,0,0,0,0,0,0,0,0,0,0,0,0,0,0,0,0,0,0,5911,94,4088,1729,213.9,0,1.81
2020-10-22,94,1.15,1.12,0,0,0,2389,0,0,0,0,0,0,0,0,0,0,0,0,0,0,0,0,0,0,0,0,0,0,0,0,61,0,0,0,0,0,0,0,0,0,0,0,0,0,0,0,0,0,0,0,0,0,0,0,0,0,0,0,0,0,0,0,0,0,0,0,0,0,0,0,0,0,0,0,0,0,0,0,0,0,0,0,0,6005,94,4149,1762,238.9,0,1.83
2020-10-23,85,1.15,1.13,0,0,0,2418,0,0,0,0,0,0,0,0,0,0,0,0,0,0,0,0,0,0,0,0,0,0,0,0,12,0,0,0,0,0,0,0,0,0,0,0,0,0,0,0,0,0,0,0,0,0,0,0,0,0,0,0,0,0,0,0,0,0,0,0,0,0,0,0,0,0,0,0,0,0,0,0,0,0,0,0,0,6090,94,4161,1835,241.8,0,1.84
2020-10-24,86,1.02,1.12,0,0,0,2627,0,0,0,0,0,0,0,0,0,0,0,0,0,0,0,0,0,0,0,0,0,0,0,0,47,2,0,0,0,0,0,0,0,0,0,0,0,0,0,0,0,0,0,0,0,0,0,0,0,0,0,0,0,0,0,0,0,0,0,0,0,0,0,0,0,0,0,0,0,0,0,0,0,0,0,0,0,6176,96,4208,1872,262.7,0,1.85
2020-10-25,90,1.05,1.13,0,0,0,2802,0,0,0,0,0,0,0,0,0,0,0,0,0,0,0,0,0,0,0,0,0,0,0,0,53,0,0,0,0,0,0,0,0,0,0,0,0,0,0,0,0,0,0,0,0,0,0,0,0,0,0,0,0,0,0,0,0,0,0,0,0,0,0,0,0,0,0,0,0,0,0,0,0,0,0,0,0,6266,96,4261,1909,280.2,0,1.86
2020-10-26,87,0.99,1.14,0,0,0,2636,0,0,0,0,0,0,0,0,0,0,0,0,0,0,0,0,0,0,0,0,0,0,0,0,26,1,0,0,0,0,0,0,0,0,0,0,0,0,0,0,0,0,0,0,0,0,0,0,0,0,0,0,0,0,0,0,0,0,0,0,0,0,0,0,0,0,0,0,0,0,0,0,0,0,0,0,0,6353,97,4287,1969,263.6,0,1.84
2020-10-27,89,0.98,1.07,0,0,0,2285,0,0,0,0,0,0,0,0,0,0,0,0,0,0,0,0,0,0,0,0,0,0,0,0,45,0,0,0,0,0,0,0,0,0,0,0,0,0,0,0,0,0,0,0,0,0,0,0,0,0,0,0,0,0,0,0,0,0,0,0,0,0,0,0,0,0,0,0,0,0,0,0,0,0,0,0,0,6442,97,4332,2013,228.5,0,1.82
2020-10-28,90,1.03,1.1,0,0,0,2460,0,0,0,0,0,0,0,0,0,0,0,0,0,0,0,0,0,0,0,0,0,0,0,0,37,2,0,0,0,0,0,0,0,0,0,0,0,0,0,0,0,0,0,0,0,0,0,0,0,0,0,0,0,0,0,0,0,0,0,0,0,0,0,0,0,0,0,0,0,0,0,0,0,0,0,0,0,6532,99,4369,2064,246.0,0,1.83
2020-10-29,102,1.04,1.08,0,0,0,2662,0,0,0,0,0,0,0,0,0,0,0,0,0,0,0,0,0,0,0,0,0,0,0,0,113,0,0,0,0,0,0,0,0,0,0,0,0,0,0,0,0,0,0,0,0,0,0,0,0,0,0,0,0,0,0,0,0,0,0,0,0,0,0,0,0,0,0,0,0,0,0,0,0,0,0,0,0,6634,99,4482,2053,266.2,0,1.84
2020-10-30,106,1.11,1.09,0,0,0,3547,0,0,0,0,0,0,0,0,0,0,0,0,0,0,0,0,0,0,0,0,0,0,0,0,50,1,0,0,0,0,0,0,0,0,0,0,0,0,0,0,0,0,0,0,0,0,0,0,0,0,0,0,0,0,0,0,0,0,0,0,0,0,0,0,0,0,0,0,0,0,0,0,0,0,0,0,0,6740,100,4532,2108,354.7,0,1.86
2020-10-31,101,1.13,1.1,0,0,0,3629,0,0,0,0,0,0,0,0,0,0,0,0,0,0,0,0,0,0,0,0,0,0,0,0,26,0,0,0,0,0,0,0,0,0,0,0,0,0,0,0,0,0,0,0,0,0,0,0,0,0,0,0,0,0,0,0,0,0,0,0,0,0,0,0,0,0,0,0,0,0,0,0,0,0,0,0,0,6841,100,4558,2183,362.9,0,1.87
2020-11-01,105,1.16,1.11,0,0,0,3159,0,0,0,0,0,0,0,0,0,0,0,0,0,0,0,0,0,0,0,0,0,0,0,0,137,0,0,0,0,0,0,0,0,0,0,0,0,0,0,0,0,0,0,0,0,0,0,0,0,0,0,0,0,0,0,0,0,0,0,0,0,0,0,0,0,0,0,0,0,0,0,0,0,0,0,0,0,6946,100,4695,2151,315.9,0,1.88
2020-11-02,111,1.15,1.13,0,0,0,3148,0,0,0,0,0,0,0,0,0,0,0,0,0,0,0,0,0,0,0,0,0,0,0,0,39,2,0,0,0,0,0,0,0,0,0,0,0,0,0,0,0,0,0,0,0,0,0,0,0,0,0,0,0,0,0,0,0,0,0,0,0,0,0,0,0,0,0,0,0,0,0,0,0,0,0,0,0,7057,102,4734,2221,314.8,0,1.89
2020-11-03,120,1.13,1.2,0,0,0,2469,0,0,0,0,0,0,0,0,0,0,0,0,0,0,0,0,0,0,0,0,0,0,0,0,56,0,0,0,0,0,0,0,0,0,0,0,0,0,0,0,0,0,0,0,0,0,0,0,0,0,0,0,0,0,0,0,0,0,0,0,0,0,0,0,0,0,0,0,0,0,0,0,0,0,0,0,0,7177,102,4790,2285,246.9,0,1.9
2020-11-04,122,1.15,1.24,0,0,0,1976,0,0,0,0,0,0,0,0,0,0,0,0,0,0,0,0,0,0,0,0,0,0,0,0,225,0,0,0,0,0,0,0,0,0,0,0,0,0,0,0,0,0,0,0,0,0,0,0,0,0,0,0,0,0,0,0,0,0,0,0,0,0,0,0,0,0,0,0,0,0,0,0,0,0,0,0,0,7299,102,5015,2182,197.6,0,1.92
2020-11-05,121,1.14,1.25,0,0,0,2268,0,0,0,0,0,0,0,0,0,0,0,0,0,0,0,0,0,0,0,0,0,0,0,0,76,1,0,0,0,0,0,0,0,0,0,0,0,0,0,0,0,0,0,0,0,0,0,0,0,0,0,0,0,0,0,0,0,0,0,0,0,0,0,0,0,0,0,0,0,0,0,0,0,0,0,0,0,7420,103,5091,2226,226.8,0,1.93
2020-11-06,125,1.15,1.24,0,0,0,1853,0,0,0,0,0,0,0,0,0,0,0,0,0,0,0,0,0,0,0,0,0,0,0,0,43,0,0,0,0,0,0,0,0,0,0,0,0,0,0,0,0,0,0,0,0,0,0,0,0,0,0,0,0,0,0,0,0,0,0,0,0,0,0,0,0,0,0,0,0,0,0,0,0,0,0,0,0,7545,103,5134,2308,185.3,0,1.94
2020-11-07,124,1.13,1.25,0,0,0,3607,0,0,0,0,0,0,0,0,0,0,0,0,0,0,0,0,0,0,0,0,0,0,0,0,24,2,0,0,0,0,0,0,0,0,0,0,0,0,0,0,0,0,0,0,0,0,0,0,0,0,0,0,0,0,0,0,0,0,0,0,0,0,0,0,0,0,0,0,0,0,0,0,0,0,0,0,0,7669,105,5158,2406,360.7,0,1.95
2020-11-08,128,1.09,1.25,97,19,12,3644,35,19,8,6,4,4,2,0,3,1,1,0,0,0,0,0,1,0,27,0,0,1,2,14,13,0,0,0,0,0,0,0,0,0,0,0,0,0,0,0,0,0,0,0,0,0,0,0,0,0,0,0,0,0,66,16,1,3,1,8,17,3,1,0,0,0,0,2,1,1,7,0,1,0,0,0,0,7797,105,5171,2521,364.4,62,1.96
2020-11-09,130,1.07,1.24,99,12,19,3110,21,16,16,4,9,5,3,0,2,0,0,0,0,0,0,2,1,0,27,0,2,6,1,16,12,1,0,1464,1027,0,0,0,0,0,0,0,0,0,0,0,0,0,0,0,0,0,0,0,0,0,0,0,0,0,59,10,9,6,5,5,5,5,4,4,3,3,3,3,2,2,1,1,0,0,0,0,0,7927,106,5183,2638,311.0,71,1.98
2020-11-10,133,1.06,1.2,102,27,4,2448,34,17,7,12,5,3,0,0,2,0,0,0,1,0,1,0,1,0,26,0,0,4,0,17,61,0,0,0,0,0,0,0,0,0,0,0,0,0,0,0,0,0,0,0,0,0,0,0,0,0,0,0,0,0,52,14,5,3,1,2,6,19,4,1,0,1,1,3,5,0,0,2,1,1,2,10,0,8060,106,5244,2710,244.8,81,1.99
2020-11-11,135,1.07,1.17,100,25,10,2575,41,15,12,9,11,7,0,0,0,1,1,0,0,1,1,1,2,0,26,0,1,2,0,3,63,1,0,0,0,0,0,0,0,0,0,0,0,0,0,0,0,0,0,0,0,0,0,0,0,0,0,0,0,0,71,14,5,4,2,0,7,3,0,2,0,1,1,0,2,0,3,5,5,1,1,6,0,8195,107,5307,2781,257.5,62,2.0
2020-11-12,147,1.09,1.17,109,16,18,3760,13,22,4,16,8,4,2,1,0,0,0,0,0,0,0,0,0,0,37,0,2,13,4,13,74,0,0,0,0,0,0,0,0,0,0,0,0,0,0,0,0,0,0,0,0,0,0,0,0,0,0,0,0,0,119,3,1,1,6,0,3,5,0,0,2,0,0,0,0,0,2,0,0,1,0,0,0,8342,107,5381,2854,376.0,24,2.01
2020-11-13,145,1.1,1.17,99,26,17,3517,36,10,15,7,4,4,2,0,0,0,1,0,1,0,1,2,1,0,31,0,1,6,0,23,106,2,0,0,0,0,0,0,0,0,0,0,0,0,0,0,0,0,0,0,0,0,0,0,0,0,0,0,0,0,0,0,0,0,0,0,0,0,0,0,0,0,0,0,0,0,0,0,0,0,0,0,0,8487,109,5487,2891,351.7,0,2.02
2020-11-14,151,1.12,1.17,108,29,14,4184,33,21,9,9,6,4,0,1,1,0,0,0,1,0,0,1,2,0,36,0,2,9,1,11,39,0,0,0,0,0,0,0,0,0,0,0,0,0,0,0,0,0,0,0,0,0,0,0,0,0,0,0,0,0,0,0,0,0,0,0,0,0,0,0,0,0,0,0,0,0,0,0,0,0,0,0,0,8638,109,5526,3003,418.4,0,2.04
2020-11-15,155,1.14,1.17,101,36,18,3669,35,23,2,12,6,9,7,2,1,1,1,0,0,0,0,1,0,0,32,0,0,0,1,15,161,0,0,0,0,0,0,0,0,0,0,0,0,0,0,0,0,0,0,0,0,0,0,0,0,0,0,0,0,0,0,0,0,0,0,0,0,0,0,0,0,0,0,0,0,0,0,0,0,0,0,0,0,8793,109,5687,2997,366.9,0,2.05
2020-11-16,151,1.1,1.17,89,46,16,3204,40,21,5,5,3,5,2,1,1,2,0,0,0,0,0,2,1,0,26,0,3,8,2,23,24,0,0,1586,1009,0,0,0,0,0,0,0,0,0,0,0,0,0,0,0,0,0,0,0,0,0,0,0,0,0,66,13,8,1,3,10,6,7,7,1,1,1,0,2,5,0,4,2,4,1,1,0,1,8944,109,5711,3124,320.4,77,2.06
2020-11-17,159,1.1,1.18,109,32,18,905,17,30,5,12,2,3,3,0,2,0,2,0,0,0,2,0,2,0,42,0,2,11,2,23,152,0,0,0,0,0,0,0,0,0,0,0,0,0,0,0,0,0,0,0,0,0,0,0,0,0,0,0,0,0,89,21,1,4,4,6,3,3,2,6,1,0,0,5,3,0,6,1,1,0,1,1,0,9103,109,5863,3131,90.5,69,2.07
2020-11-18,155,1.07,1.19,114,34,7,3126,22,16,9,14,5,7,3,1,0,0,3,0,2,0,2,0,1,0,40,0,3,4,1,21,101,0,0,0,0,0,0,0,0,0,0,0,0,0,0,0,0,0,0,0,0,0,0,0,0,0,0,0,0,0,89,17,5,2,0,4,8,4,5,4,1,1,6,0,5,1,3,0,0,0,0,1,0,9258,109,5964,3185,312.6,67,2.08
2020-11-19,161,1.05,1.17,117,29,15,3068,10,29,4,13,13,6,2,2,1,0,0,0,0,1,2,0,3,0,45,0,2,7,3,17,161,1,0,1746,1107,0,0,0,0,0,0,0,0,0,0,0,0,0,0,0,0,0,0,0,0,0,0,0,0,0,114,9,6,0,0,4,3,3,2,1,1,0,3,3,1,0,8,0,0,0,0,2,1,9419,110,6125,3184,306.8,46,2.1
2020-11-20,173,1.08,1.17,113,37,23,3407,30,27,9,6,17,9,2,5,1,0,0,0,0,0,1,1,2,0,48,0,0,7,2,6,326,0,0,0,0,0,0,0,0,0,0,0,0,0,0,0,0,0,0,0,0,0,0,0,0,0,0,0,0,0,86,19,12,1,3,3,9,11,4,3,0,0,6,0,2,2,1,1,1,0,1,8,0,9592,110,6451,3031,340.7,87,2.11
2020-11-21,181,1.09,1.17,137,28,16,3534,33,33,11,9,4,0,8,2,3,0,0,0,1,0,0,1,0,0,44,0,3,8,0,14,192,0,0,0,0,0,0,0,0,0,0,0,0,0,0,0,0,0,0,0,0,0,0,0,0,0,0,0,0,0,99,4,4,5,4,8,8,8,2,2,1,1,4,7,2,3,11,0,5,0,0,2,0,9773,110,6643,3020,353.4,81,2.12
2020-11-22,191,1.14,1.18,135,35,21,2952,8,23,7,8,8,4,4,2,2,0,1,0,1,2,1,1,2,0,42,0,1,7,3,24,77,0,496,0,0,0,0,0,0,0,0,0,0,0,0,0,0,0,0,0,0,0,0,0,0,0,0,0,0,0,118,12,8,1,0,5,7,8,15,4,0,0,0,1,1,3,0,1,0,0,4,3,0,9964,110,6720,3134,295.2,73,2.13
2020-11-23,190,1.17,1.19,149,31,10,2952,52,18,9,11,6,4,3,2,4,0,1,0,1,0,0,0,0,0,50,0,3,7,2,16,108,0,0,1746,1027,0,0,0,0,0,0,0,0,0,0,0,0,0,0,0,0,0,0,0,0,0,0,0,0,0,124,11,11,1,1,1,6,2,5,0,0,0,5,4,1,0,1,2,1,1,4,9,0,10154,110,6828,3216,295.2,66,2.14
2020-11-24,185,1.15,1.19,136,27,22,898,33,22,4,15,18,4,1,3,1,0,1,0,0,0,0,2,3,0,49,0,4,5,3,17,129,2,0,0,0,0,0,0,0,0,0,0,0,0,0,0,0,0,0,0,0,0,0,0,0,0,0,0,0,0,113,12,1,1,1,0,10,2,9,0,4,0,4,3,0,0,7,2,8,0,0,8,0,10339,112,6957,3270,89.8,72,2.16
2020-11-25,188,1.13,1.19,142,34,12,1729,38,14,17,10,8,7,3,3,1,0,0,0,3,1,0,0,5,0,44,0,7,7,4,16,163,3,0,0,0,0,0,0,0,0,0,0,0,0,0,0,0,0,0,0,0,0,0,0,0,0,0,0,0,0,0,0,0,0,0,0,0,0,0,0,0,0,0,0,0,0,0,0,0,0,0,0,0,10527,115,7120,3292,172.9,0,2.17
2020-11-26,189,1.07,1.2,137,21,31,2463,44,22,9,8,12,7,3,4,3,0,0,0,0,0,0,0,0,0,47,0,2,12,2,14,142,0,0,1746,951,0,0,0,0,0,0,0,0,0,0,0,0,0,0,0,0,0,0,0,0,0,0,0,0,0,140,17,0,0,2,0,1,0,0,0,2,14,0,0,0,2,7,1,0,0,0,2,0,10716,115,7262,3339,246.3,48,2.18
2020-11-27,190,1.02,1.19,158,13,19,3264,21,30,7,10,13,4,5,2,2,0,0,0,0,1,0,0,1,2,64,0,4,7,2,14,463,0,0,0,0,0,0,0,0,0,0,0,0,0,0,0,0,0,0,0,0,0,0,0,0,0,0,0,0,0,120,11,8,8,0,6,9,0,4,3,1,0,0,2,3,3,3,1,0,0,0,8,0,10906,115,7725,3066,326.4,70,2.19
2020-11-28,192,1.02,1.17,126,56,10,3400,49,23,4,16,8,9,1,2,0,0,0,0,0,2,0,0,0,0,37,0,6,5,1,29,170,3,0,0,0,0,0,0,0,0,0,0,0,0,0,0,0,0,0,0,0,0,0,0,0,0,0,0,0,0,106,4,2,4,2,7,6,14,8,8,0,0,7,9,5,0,1,0,2,0,0,6,0,11098,118,7895,3085,340.0,85,2.21
2020-11-29,187,1.01,1.13,130,40,17,3119,37,28,8,11,11,6,1,3,2,0,0,0,0,2,1,1,1,0,54,0,4,4,2,11,160,3,0,0,0,0,0,0,0,0,0,0,0,0,0,0,0,0,0,0,0,0,0,0,0,0,0,0,0,0,99,14,6,11,2,7,23,0,0,1,0,0,3,0,0,2,0,0,5,1,1,12,0,11285,121,8055,3109,311.9,88,2.22
2020-11-30,185,1.0,1.09,140,31,14,2490,23,30,7,7,10,7,6,2,2,0,1,0,1,2,1,1,3,0,52,0,4,4,3,19,69,0,0,1746,1074,0,0,0,0,0,0,0,0,0,0,0,0,0,0,0,0,0,0,0,0,0,0,0,0,0,103,6,5,4,7,7,8,9,2,3,3,0,8,5,7,3,1,0,0,0,3,1,0,11470,121,8124,3225,249.0,82,2.23
2020-12-01,188,1.0,1.07,137,32,19,1887,30,25,7,19,7,6,6,3,4,0,0,0,1,3,0,0,1,0,51,0,0,9,3,15,165,3,0,1746,1074,82,36,1994,1621,0,0,0,0,0,0,0,0,0,0,0,0,0,0,0,0,0,0,0,0,0,121,9,5,3,11,1,1,6,4,7,2,1,6,3,2,0,1,0,3,1,0,1,0,11658,124,8289,3245,188.7,67,2.24
2020-12-02,192,0.99,1.04,143,41,8,2005,32,41,7,16,10,10,0,3,1,0,0,0,3,2,1,0,0,0,48,0,3,5,3,7,281,1,577,0,0,0,0,0,0,0,0,0,0,0,0,0,0,0,0,0,0,0,0,0,0,0,0,0,0,0,112,12,12,2,0,0,10,5,3,2,0,0,0,2,9,2,2,0,3,0,2,14,0,11850,125,8570,3155,200.5,80,2.21
2020-12-03,191,1.0,1.02,135,45,11,2595,46,14,11,13,7,8,2,1,2,0,0,0,0,2,0,0,1,0,44,0,0,18,5,17,391,3,0,0,0,0,0,0,0,0,0,0,0,0,0,0,0,0,0,0,0,0,0,0,0,0,0,0,0,0,131,8,4,3,3,8,8,1,0,2,5,2,4,2,0,2,2,1,0,0,2,3,0,12041,128,8961,2952,259.5,60,2.23
2020-12-04,193,1.01,1.01,145,28,20,3226,40,36,3,12,9,6,4,5,2,0,0,0,0,2,0,1,4,0,40,0,7,4,3,15,219,2,614,0,0,0,0,0,0,0,0,0,0,0,0,0,0,0,0,0,0,0,0,0,0,0,0,0,0,0,121,11,7,0,0,2,7,6,6,11,2,0,0,1,5,7,1,0,1,0,3,2,0,12234,130,9180,2924,322.6,72,2.24
2020-12-05,194,1.02,1.0,130,45,19,3204,42,37,9,13,8,4,1,4,3,0,0,0,1,0,0,0,0,0,36,0,2,18,1,15,185,1,0,0,0,0,0,0,0,0,0,0,0,0,0,0,0,0,0,0,0,0,0,0,0,0,0,0,0,0,107,0,11,1,6,3,10,4,5,5,2,1,4,3,0,5,1,0,1,0,3,10,0,12428,131,9365,2932,320.4,75,2.25
2020-12-06,195,1.03,1.01,121,57,17,3241,50,27,12,6,4,4,2,2,4,0,0,0,1,0,0,0,0,0,58,0,2,7,2,14,114,0,0,0,0,0,0,0,0,0,0,0,0,0,0,0,0,0,0,0,0,0,0,0,0,0,0,0,0,0,102,19,13,4,1,15,9,1,2,7,1,1,6,0,0,2,1,0,3,0,1,7,0,12623,131,9479,3013,324.1,93,2.26
2020-12-07,198,1.03,1.03,139,44,15,2674,53,28,3,14,10,5,0,1,4,0,1,0,0,0,0,0,1,0,40,0,4,12,2,20,48,2,0,0,0,0,0,0,0,0,0,0,0,0,0,0,0,0,0,0,0,0,0,0,0,0,0,0,0,0,102,15,4,5,3,6,17,6,4,5,7,0,10,3,3,0,2,2,1,0,0,3,0,12821,133,9527,3161,267.4,96,2.27
2020-12-08,204,1.04,1.04,133,50,21,1782,41,39,9,10,9,8,0,3,2,0,0,0,0,0,1,1,1,0,55,0,0,14,2,9,222,0,0,0,0,0,0,0,0,0,0,0,0,0,0,0,0,0,0,0,0,0,0,0,0,0,0,0,0,0,0,0,0,0,0,0,0,0,0,0,0,0,0,0,0,0,0,0,0,0,0,0,0,13025,133,9749,3143,178.2,0,2.29
2020-12-09,217,1.06,1.05,165,39,13,1943,24,28,10,16,15,5,1,2,2,0,0,0,1,1,0,2,0,0,58,20,2,14,3,13,243,0,0,0,0,0,0,0,0,0,0,0,0,0,0,0,0,0,0,0,0,0,0,0,0,0,0,0,0,0,0,0,0,0,0,0,0,0,0,0,0,0,0,0,0,0,0,0,0,0,0,0,0,13242,133,9992,3117,194.3,0,2.3
2020-12-10,203,1.06,1.06,149,43,11,3061,41,16,6,15,17,12,3,4,2,0,1,0,1,0,0,1,1,0,49,4,6,8,3,13,261,0,0,0,0,0,0,0,0,0,0,0,0,0,0,0,0,0,0,0,0,0,0,0,0,0,0,0,0,0,138,1,0,0,0,2,9,3,7,9,1,0,3,3,1,10,0,1,2,0,0,13,0,13445,133,10253,3059,306.1,65,2.31
2020-12-11,218,1.08,1.08,158,43,11,3188,34,31,4,18,5,5,1,5,2,0,0,0,2,3,0,1,0,0,46,23,2,18,3,14,189,0,0,0,0,0,0,0,0,0,0,0,0,0,0,0,0,0,0,0,0,0,0,0,0,0,0,400,0,0,108,9,13,1,3,5,13,6,6,2,2,2,5,2,0,1,4,1,0,1,1,33,0,13663,133,10442,3088,318.8,110,2.32
2020-12-12,204,1.06,1.08,135,51,18,3208,52,19,5,10,6,10,3,3,5,0,0,0,2,0,0,0,2,0,45,7,6,11,1,17,175,3,0,0,0,0,0,0,0,0,0,0,0,0,0,0,0,0,0,0,0,0,0,0,0,0,0,0,0,0,114,11,15,6,4,7,14,2,4,3,3,0,6,2,1,1,0,0,2,0,1,8,0,13867,136,10617,3114,320.8,90,2.33
2020-12-13,215,1.03,1.09,154,30,31,1991,30,25,9,21,7,8,1,3,0,0,0,0,1,0,0,0,1,0,48,15,4,18,3,20,225,4,0,0,0,0,0,0,0,0,0,0,0,0,0,0,0,0,0,0,0,0,0,0,0,0,0,0,0,0,92,14,10,3,7,18,7,4,3,8,5,0,2,2,2,10,2,0,0,2,2,20,2,14082,140,10842,3100,199.1,121,2.35
2020-12-14,203,1.02,1.08,135,45,23,1804,41,28,6,13,5,4,4,4,1,0,0,0,1,2,1,0,0,0,58,9,6,13,0,0,82,2,0,1746,1581,0,0,2052,1827,0,0,0,0,0,0,0,0,0,0,0,0,0,0,0,0,0,0,0,0,0,0,0,0,0,0,0,0,0,0,0,0,0,0,0,0,0,0,0,0,0,0,0,0,14285,142,10924,3219,180.4,0,2.36
2020-12-15,200,0.98,1.07,148,52,0,759,37,15,6,16,7,6,4,2,3,0,0,0,0,1,0,1,5,0,57,0,4,21,2,13,245,3,0,0,0,0,0,0,0,0,0,0,0,0,0,0,0,0,0,0,0,0,0,0,0,0,0,0,0,0,98,11,5,0,0,12,13,9,4,9,2,1,11,1,0,6,2,1,2,0,0,10,0,14485,145,11169,3171,75.9,99,2.33
2020-12-16,198,0.97,1.04,150,37,11,1937,33,29,9,10,14,4,5,0,5,0,1,0,0,0,1,2,1,0,49,0,0,6,3,23,250,3,0,0,0,0,0,0,0,0,0,0,0,0,0,0,0,0,0,0,0,0,0,0,0,0,0,0,0,0,139,12,0,0,7,8,0,4,4,0,1,0,8,2,2,5,1,0,0,0,0,5,0,14683,148,11419,3116,193.7,59,2.3
2020-12-17,201,0.95,1.02,151,48,2,3034,62,11,9,6,4,16,3,2,6,0,0,0,0,0,0,1,2,0,59,0,0,2,3,15,251,4,0,0,0,0,0,0,0,0,0,0,0,0,0,0,0,0,0,0,0,0,0,0,0,0,0,0,0,0,129,5,18,1,0,3,16,0,8,4,0,3,0,0,0,0,2,0,7,0,4,0,0,14884,152,11670,3062,303.4,71,2.28
2020-12-18,198,0.95,0.99,134,48,16,3502,42,29,5,15,9,2,2,2,2,0,0,0,0,2,0,0,1,0,45,0,9,19,0,14,235,2,0,0,0,0,0,0,0,0,0,0,0,0,0,0,0,0,0,0,0,0,0,0,0,0,0,0,0,0,0,0,0,0,0,0,0,0,0,0,0,0,0,0,0,0,0,0,0,0,0,0,0,15082,154,11905,3023,350.2,0,2.25
2020-12-19,199,0.97,0.98,135,46,18,3380,20,26,9,9,9,7,3,3,4,0,0,0,0,0,0,2,4,0,54,0,9,25,0,15,210,1,0,0,0,0,0,0,0,0,0,0,0,0,0,0,0,0,0,0,0,0,0,0,0,0,0,0,0,0,0,0,0,0,0,0,0,0,0,0,0,0,0,0,0,0,0,0,0,0,0,0,0,15281,155,12115,3011,338.0,0,2.22
2020-12-20,205,0.98,0.96,138,56,11,3567,50,23,10,13,8,15,5,3,1,0,1,0,0,2,0,0,0,0,50,0,5,13,2,3,63,4,0,0,0,0,0,0,0,0,0,0,0,0,0,0,0,0,0,0,0,0,0,0,0,0,0,0,0,0,101,19,8,2,8,6,15,5,10,1,1,0,1,2,0,0,0,2,5,0,3,16,0,15486,159,12178,3149,356.7,104,2.2
2020-12-21,200,1.0,0.96,146,44,9,3961,32,19,6,17,7,22,11,1,1,0,1,0,0,1,0,2,2,0,46,0,1,15,1,14,63,4,748,1746,1583,0,0,2055,1777,0,0,0,0,0,0,0,0,0,0,0,0,0,0,0,0,0,0,0,0,0,102,20,9,2,4,6,9,1,4,0,1,1,0,4,0,11,3,1,3,0,1,20,0,15686,163,12241,3282,396.1,100,2.21
2020-12-22,199,1.01,0.96,130,58,11,2407,32,23,13,16,16,14,0,5,4,0,0,0,1,1,0,0,3,0,47,0,4,6,3,6,314,2,0,0,0,0,0,0,0,0,0,0,0,0,0,0,0,0,0,0,0,0,0,0,0,0,0,0,0,0,102,23,9,2,1,8,15,2,9,2,1,0,0,8,1,4,3,1,0,0,4,4,0,15885,165,12555,3165,240.7,97,2.22
2020-12-23,203,1.01,0.98,149,45,9,2441,19,22,7,18,19,12,4,2,0,0,1,0,1,0,0,7,1,0,52,0,1,25,1,8,274,3,0,0,0,0,0,0,0,0,0,0,0,0,0,0,0,0,0,0,0,0,0,0,0,0,0,0,0,0,74,0,4,4,1,16,21,5,10,2,4,0,16,2,6,3,7,2,1,0,2,13,0,16088,168,12829,3091,244.1,119,2.23
2020-12-24,205,1.0,0.98,147,48,10,2918,91,22,7,4,6,0,0,2,0,0,0,0,0,1,0,0,2,0,35,0,0,9,4,15,581,2,0,0,0,0,0,0,0,0,0,0,0,0,0,0,0,0,0,0,0,0,0,0,0,0,0,0,0,0,193,4,1,2,0,0,0,1,0,0,1,0,0,0,0,1,2,0,0,0,0,0,0,16293,170,13410,2713,291.8,12,2.24
2020-12-25,204,1.01,1.0,151,38,15,3273,18,35,2,15,5,6,10,2,4,0,0,0,0,1,0,2,2,0,44,0,6,21,4,27,440,2,0,0,0,0,0,0,0,0,0,0,0,0,0,0,0,0,0,0,0,0,0,0,0,0,0,0,0,0,105,17,9,1,5,4,12,3,5,4,5,1,7,4,3,4,1,3,0,1,3,7,0,16497,172,13850,2475,327.3,99,2.26
2020-12-26,210,1.02,1.01,156,38,15,3438,31,28,9,11,17,14,4,1,2,0,1,0,2,3,0,1,1,0,46,0,3,22,1,12,415,4,0,0,0,0,0,0,0,0,0,0,0,0,0,0,0,0,0,0,0,0,0,0,0,0,0,0,0,0,89,19,6,5,2,11,18,3,5,6,0,1,13,3,2,5,4,2,0,1,4,11,0,16707,176,14265,2266,343.8,121,2.27
2020-12-27,211,1.03,1.02,189,18,4,2073,38,27,16,20,10,9,3,3,1,0,1,0,1,2,0,0,6,0,55,0,4,9,0,13,395,3,0,0,0,0,0,0,0,0,0,0,0,0,0,0,0,0,0,0,0,0,0,0,0,0,0,0,0,0,101,15,16,1,1,9,4,14,4,9,0,0,1,0,1,1,6,0,3,1,5,19,0,16918,179,14660,2079,207.3,110,2.28
2020-12-28,215,1.04,1.03,174,28,13,2549,29,26,8,32,7,13,4,4,3,0,1,0,0,1,0,1,1,0,53,0,2,20,0,9,311,4,912,0,0,0,0,0,0,0,0,0,0,0,0,0,0,0,0,0,0,0,0,0,0,0,0,0,0,0,115,11,6,5,15,8,10,15,6,4,0,0,0,0,1,3,2,0,3,0,6,5,0,17133,183,14971,1979,254.9,100,2.29
2020-12-29,217,1.05,1.05,161,42,14,1747,25,29,8,23,17,15,7,3,2,0,1,0,1,0,0,0,3,0,49,0,5,14,1,14,383,2,0,0,0,0,0,0,0,0,0,0,0,0,0,0,0,0,0,0,0,0,0,0,0,0,0,0,0,0,96,12,8,2,4,10,15,4,6,4,3,0,6,5,3,4,7,3,6,0,3,16,0,17350,185,15354,1811,174.7,121,2.3
2020-12-30,221,1.05,1.06,171,38,12,2100,37,40,6,11,6,18,7,3,1,0,1,0,1,0,0,3,3,0,43,0,1,23,3,14,375,4,0,0,0,0,0,0,0,0,0,0,0,0,0,0,0,0,0,0,0,0,0,0,0,0,0,0,0,0,86,13,11,7,4,12,3,3,4,3,10,1,9,6,5,3,8,1,6,3,5,18,0,17571,189,15729,1653,210.0,135,2.31
2020-12-31,225,1.06,1.07,207,16,2,2408,96,13,7,13,7,5,0,2,2,0,0,0,0,1,0,0,0,0,27,0,4,10,3,36,352,3,0,0,0,0,0,0,0,0,6,6,4,19,53,70,67,82,143,0,0,6,0,0,0,0,0,0,0,0,192,4,5,5,0,2,6,1,0,4,0,1,0,0,0,0,1,0,0,0,2,1,0,17796,192,16081,1523,240.8,32,2.32
2021-01-01,221,1.05,1.07,179,35,7,3080,27,35,5,16,13,14,8,7,4,0,0,0,0,5,0,1,1,0,55,0,2,16,3,9,260,0,0,0,0,0,0,0,0,0,0,0,0,0,0,0,0,0,0,0,0,0,0,0,0,0,0,0,0,0,93,15,12,0,8,17,9,9,4,9,1,0,5,5,3,7,1,1,2,1,2,17,0,18017,192,16341,1484,308.0,128,2.33
2021-01-02,208,1.03,1.06,162,37,9,3248,54,31,8,4,11,13,2,6,0,0,3,0,2,0,0,1,1,0,58,0,0,2,1,23,55,0,0,0,0,0,0,0,0,0,0,0,0,0,0,0,0,0,0,0,0,0,0,0,0,0,0,0,0,0,118,11,1,1,11,12,5,2,11,3,0,1,5,3,3,1,2,4,1,0,1,13,0,18225,192,16396,1637,324.8,91,2.34
2021-01-03,216,1.01,1.06,157,49,10,529,31,26,7,15,11,15,1,2,4,0,0,0,0,0,0,1,2,0,52,0,5,21,1,21,188,2,0,0,0,0,0,0,0,0,0,0,0,0,0,0,0,0,0,0,0,0,0,0,0,0,0,0,0,0,118,12,9,5,8,8,8,2,8,3,1,0,6,3,1,0,3,11,1,4,2,3,0,18441,194,16584,1663,52.9,98,2.36
2021-01-04,214,0.98,1.05,177,27,10,585,41,19,8,14,14,18,6,4,3,0,2,0,2,1,1,1,1,0,57,0,1,11,3,7,269,2,0,0,0,0,0,0,0,0,0,0,0,0,0,0,0,0,0,0,0,0,0,0,0,0,0,0,0,0,129,11,6,4,4,13,5,7,3,4,4,0,1,7,2,3,2,2,0,0,2,5,0,18655,196,16853,1606,58.5,85,2.33
2021-01-05,211,0.96,1.03,202,9,0,1744,41,5,14,7,15,20,5,3,5,0,2,0,0,5,0,1,1,0,51,0,0,4,2,30,234,0,0,1800,1364,0,0,2098,1587,0,0,0,0,0,0,0,0,0,0,0,0,0,0,0,0,0,0,0,0,0,165,10,2,0,4,5,5,0,3,1,0,0,1,2,1,0,5,1,1,0,0,5,0,18866,196,17087,1583,174.4,46,2.3
2021-01-06,215,0.98,1.02,179,30,6,983,48,23,9,11,16,12,6,3,3,0,1,0,2,3,0,3,3,0,49,0,2,4,1,16,201,0,0,0,0,0,0,0,0,0,0,0,0,0,0,0,0,0,0,0,0,0,0,0,0,0,0,0,0,0,91,19,1,2,2,8,9,10,17,4,0,2,8,5,5,6,13,0,5,3,0,5,0,19081,196,17288,1597,98.3,124,2.28
2021-01-07,194,0.96,0.98,175,12,7,2197,81,9,5,5,5,6,3,0,2,0,1,0,0,3,0,1,0,0,31,0,4,5,4,26,198,0,0,0,0,0,0,0,0,0,0,0,0,0,0,0,66,0,0,0,0,0,0,0,0,0,0,0,0,0,0,0,0,0,0,0,0,0,0,0,0,0,0,0,0,0,0,0,0,0,0,0,0,19275,196,17486,1593,219.7,0,2.26
2021-01-08,197,0.95,0.96,170,23,4,2253,60,5,11,4,10,15,6,3,0,0,6,0,0,3,1,0,2,0,44,0,1,3,3,20,165,1,0,0,0,0,0,0,0,0,1,3,1,17,58,74,43,71,109,5,104,5,23,60,0,103,94,0,0,0,143,6,4,1,4,9,2,2,2,1,4,0,1,4,1,3,1,1,0,0,2,6,0,19472,197,17651,1624,225.3,54,2.23
2021-01-09,190,0.94,0.95,154,25,11,2162,64,9,9,4,9,9,7,1,8,0,2,0,0,0,1,2,4,0,32,0,2,6,1,20,201,1,0,0,0,0,0,0,0,0,0,0,0,0,0,0,59,0,0,0,0,0,0,0,0,0,0,0,0,0,0,0,0,0,0,0,0,0,0,0,0,0,0,0,0,0,0,0,0,0,0,0,0,19662,198,17852,1612,216.2,0,2.21
2021-01-10,194,0.91,0.93,144,45,5,2217,47,11,11,4,16,21,2,2,1,0,2,0,2,2,0,1,4,0,42,0,3,3,1,19,191,4,0,0,0,0,0,0,0,1,2,2,3,16,66,53,51,72,122,3,110,9,25,47,0,107,87,0,0,0,117,1,0,2,6,9,13,4,5,0,0,0,5,0,1,7,0,2,0,0,1,19,0,19856,202,18043,1611,221.7,75,2.19
2021-01-11,198,0.93,0.92,176,15,7,2243,61,12,6,11,8,8,9,1,5,0,2,0,0,0,0,0,1,0,33,0,1,4,2,34,186,3,0,0,0,0,0,0,0,0,3,1,4,18,70,54,48,71,127,6,88,10,33,61,0,120,78,850,0,0,146,11,1,0,1,8,4,7,8,2,0,0,0,1,2,0,4,0,0,0,3,0,0,20054,205,18229,1620,224.3,52,2.16
2021-01-12,200,0.96,0.92,158,36,6,2218,60,8,7,6,16,15,6,2,2,0,0,0,0,0,0,2,3,0,39,0,2,2,2,28,195,3,0,0,0,0,0,0,0,1,2,0,3,10,68,63,53,95,105,3,95,14,28,60,0,114,86,0,1042,300,84,3,4,5,27,14,11,18,12,0,0,0,3,2,1,6,5,0,2,0,0,2,0,20254,208,18424,1622,221.8,115,2.14
2021-01-13,201,1.0,0.91,158,36,4,2129,44,10,8,10,10,19,6,3,3,0,1,0,0,1,1,2,1,0,39,0,4,5,3,31,197,4,0,0,0,0,0,0,0,0,4,3,4,18,67,64,41,82,119,9,107,6,35,44,0,119,82,0,0,0,137,9,10,7,6,5,4,7,2,3,0,0,2,0,0,1,0,1,1,0,1,0,0,20455,212,18621,1622,212.9,59,2.15
2021-01-14,208,1.04,0.94,170,37,1,2358,60,7,14,9,4,20,7,2,2,0,0,0,0,3,0,2,4,0,44,0,2,1,0,27,199,1,0,0,0,0,0,0,0,0,2,1,0,14,61,83,47,80,128,1,113,6,28,60,0,121,87,0,0,0,116,10,2,1,3,6,1,13,8,3,2,0,3,3,3,12,5,1,2,2,1,11,0,20663,213,18820,1630,235.8,92,2.16
2021-01-15,209,1.05,0.96,167,39,3,2103,85,14,6,6,14,9,8,3,2,0,1,0,3,0,1,1,0,0,37,0,3,4,0,12,202,2,0,0,0,0,0,0,0,0,3,4,1,11,49,77,64,67,142,6,81,12,15,85,0,144,65,0,0,0,123,23,3,3,2,8,5,4,5,2,2,0,2,2,0,3,12,1,0,1,3,5,0,20872,215,19022,1635,210.3,86,2.17
2021-01-16,212,1.06,0.99,163,42,7,2955,65,12,9,7,15,14,6,1,2,0,1,0,1,0,0,7,4,0,40,0,1,2,0,24,204,0,0,0,0,0,0,0,0,1,0,1,1,13,65,72,59,74,138,2,107,14,24,65,0,130,82,0,0,0,120,11,3,7,0,7,5,5,2,1,2,0,11,4,3,5,6,4,7,1,1,7,0,21084,215,19226,1643,295.5,92,2.18
2021-01-17,218,1.07,1.02,162,28,28,2888,52,19,1,9,8,15,8,2,1,0,1,0,1,5,0,0,2,0,68,0,0,0,3,22,206,0,0,0,0,0,52,0,0,1,0,0,3,16,72,89,46,73,145,0,121,21,24,52,0,142,76,0,0,0,102,7,8,1,0,8,4,1,0,10,6,0,9,2,2,3,4,0,2,1,9,29,0,21302,215,19432,1655,288.8,106,2.19
2021-01-18,208,1.05,1.04,147,33,28,1897,52,8,11,12,13,7,4,6,2,0,0,0,0,1,0,21,0,0,45,0,0,3,1,22,115,0,0,1800,1329,0,0,2098,1553,0,0,3,0,19,88,54,44,89,119,3,119,10,24,52,0,128,80,0,0,0,121,14,3,24,3,7,5,7,7,1,2,0,0,2,0,1,2,0,1,0,2,6,0,21510,215,19547,1748,189.7,87,2.2
2021-01-19,203,1.03,1.05,160,29,14,1980,47,13,13,11,13,14,3,2,5,0,0,0,0,1,0,6,1,0,49,0,2,3,0,20,111,0,0,0,0,0,0,0,0,0,0,0,0,0,0,0,0,0,0,0,0,0,0,0,0,0,0,0,0,0,0,0,0,0,0,0,0,0,0,0,0,0,0,0,0,0,0,0,0,0,0,0,0,21713,215,19658,1840,198.0,0,2.21
